z_freq_e_2.94,t_freq_e_2.38,xy_e_freq_e_2.44,t_freq_m_0.75,xy_e_freq_m_1.25,xy_e_freq_e_3.00,xy_e_freq_e_1.44,t_freq_e_2.31,z_freq_e_4.25,t_freq_e_0.75,xy_e_freq_e_3.06,xy_e_freq_m_0.75,xy_e_freq_m_0.69,xy_e_freq_m_3.63,z_freq_m_0.44,t_freq_e_1.75,xy_e_freq_m_3.69,t_freq_e_4.00,z_freq_m_4.56,t_freq_e_4.06,z_freq_m_4.50,xy_e_freq_m_1.31,xy_e_freq_e_1.50,xy_e_freq_m_1.38,xy_e_freq_e_3.13,xy_e_freq_e_2.31,t_freq_m_0.88,t_freq_e_2.44,z_freq_m_4.69,xy_e_freq_e_1.56,mcr_t,z_freq_e_4.13,z_freq_e_4.19,xy_e_freq_m_0.63,xy_e_freq_e_2.38,t_freq_m_0.81,t_freq_e_0.88,xy_e_freq_e_3.19,mcr_z,z_freq_m_0.38,xy_e_freq_m_0.56,t_freq_e_1.69,t_freq_e_1.63,t_freq_e_0.81,z_freq_m_0.31,xy_e_freq_m_3.56,z_freq_m_4.63,xy_e_freq_m_3.50,xy_e_freq_m_1.44,t_freq_e_2.56,z_freq_e_2.75,z_freq_e_4.44,t_freq_m_0.56,xy_e_freq_m_1.06,xy_e_freq_e_1.63,xy_e_freq_e_2.25,t_freq_m_0.50,t_freq_e_0.56,xy_e_freq_m_0.50,xy_e_freq_m_3.38,t_freq_e_1.94,xy_e_freq_e_1.69,xy_e_freq_m_3.44,t_freq_e_0.50,z_freq_m_0.25,z_freq_m_4.75,t_freq_e_2.50,xy_e_freq_e_1.75,z_freq_e_4.31,t_freq_m_0.69,xy_e_freq_m_1.19,z_freq_e_2.81,t_freq_m_0.63,t_freq_e_2.69,xy_e_freq_m_1.13,xy_e_freq_e_2.13,t_freq_e_0.69,xy_e_freq_m_0.44,t_freq_e_1.81,z_freq_e_4.38,z_freq_e_2.88,t_freq_e_0.63,xy_e_freq_e_2.19,xy_e_freq_m_0.38,t_freq_e_1.88,xy_e_freq_m_3.31,z_freq_m_4.81,z_freq_m_0.13,z_freq_m_0.19,xy_e_freq_e_1.81,z_freq_m_4.88,z_peak_d_mean,t_freq_e_2.63,z_dwt_norm_-8,z_freq_e_4.69,z_dwt_norm_-7,z_dwt_norm_-6,z_dwt_norm_-5,xy_e_freq_m_3.19,xy_e_freq_m_0.31,z_dwt_norm_-9,xy_e_freq_e_4.06,z_dwt_norm_-0,xy_e_freq_e_2.88,z_freq_e_4.63,z_freq_m_4.19,z_dwt_norm_-4,z_freq_m_4.13,xy_e_freq_e_1.88,z_dwt_norm_-3,xy_e_freq_e_3.44,xy_e_freq_e_4.00,z_dwt_norm_-2,z_dwt_norm_-1,z_freq_m_0.06,t_freq_e_1.38,xy_e_freq_e_3.50,xy_e_freq_m_0.25,t_freq_e_1.31,xy_e_freq_m_3.25,z_freq_m_0.00,xy_e_freq_m_3.06,t_freq_e_2.06,xy_e_freq_e_1.94,z_freq_e_4.50,z_freq_e_4.56,xy_e_freq_e_2.75,xy_e_freq_e_3.56,t_freq_e_2.00,z_freq_m_4.25,xy_e_freq_e_2.81,xy_e_freq_m_1.00,xy_e_freq_m_0.13,t_freq_e_1.25,xy_e_freq_m_3.13,xy_e_freq_m_0.19,t_freq_e_2.19,xy_e_freq_e_2.69,t_freq_m_0.94,t_freq_e_1.50,xy_e_freq_e_3.25,z_freq_e_4.88,z_freq_m_4.38,xy_e_freq_e_2.63,xy_e_freq_e_4.25,xy_e_freq_m_2.13,t_freq_e_2.13,t_freq_p1,t_freq_p3,t_freq_p2,z_freq_e_4.81,xy_e_freq_m_2.06,z_freq_m_4.31,angle_mean,xy_e_freq_m_3.00,t_freq_e_0.94,xy_e_freq_m_0.06,t_freq_e_1.56,xy_e_freq_m_0.00,xy_e_freq_e_4.19,xy_e_freq_e_3.38,z_freq_e_4.75,xy_e_freq_e_2.50,t_freq_e_2.25,xy_e_freq_e_2.56,xy_e_freq_e_3.31,xy_e_freq_e_4.13,t_freq_p4,xy_e_freq_m_2.00,z_freq_m_4.44,t_freq_e_1.44,z_stddev,z_freq_m_3.63,z_dwt_ar_-7,z_dwt_ar_-6,z_freq_m_2.56,z_dwt_ar_-9,z_dwt_ar_-8,z_dwt_ar_-3,z_dwt_ar_-2,z_dwt_ar_-5,z_freq_e_1.13,z_freq_e_0.13,z_dwt_ar_-4,z_dwt_ar_-0,z_freq_m_2.50,z_dwt_ar_-1,z_freq_e_0.06,z_e_stddev,z_freq_m_3.69,z_freq_e_2.13,z_freq_e_2.19,z_freq_m_3.75,z_freq_e_1.06,z_freq_m_2.69,z_freq_e_0.25,z_freq_e_1.00,zcr_z,t_freq_e_0.06,z_freq_e_0.19,z_freq_m_2.63,z_freq_e_2.25,t_freq_e_0.00,z_freq_m_3.44,t_freq_e_1.13,z_freq_e_0.38,z_freq_m_2.38,t_freq_e_1.19,z_freq_e_0.31,z_freq_m_2.31,t_freq_e_1.00,t_freq_m_4.94,z_freq_m_3.50,t_freq_e_1.06,z_freq_e_0.44,z_freq_m_2.44,z_freq_p4,z_freq_p3,z_freq_p2,z_freq_p1,z_freq_e_2.06,z_freq_m_0.94,corr_z_xy_e,z_freq_m_3.56,z_freq_e_2.00,z_freq_m_2.13,z_freq_m_4.94,z_freq_m_2.19,z_freq_m_0.88,t_freq_e_0.31,z_freq_e_2.56,z_mean,xy_e_freq_e_1.06,xy_e_freq_e_2.06,z_freq_m_0.81,t_freq_e_3.25,t_freq_e_0.38,xy_e_freq_e_2.00,z_freq_e_2.50,xy_e_freq_e_1.00,z_freq_m_2.25,xy_e_freq_m_3.94,z_freq_m_0.75,t_freq_e_3.31,z_freq_e_2.69,xy_e_freq_e_1.13,xy_e_freq_e_1.19,t_freq_e_0.44,t_freq_e_3.38,z_freq_e_2.63,t_stddev,xy_e_freq_m_3.81,z_freq_m_3.88,xy_e_freq_m_3.88,z_freq_m_3.81,z_freq_m_0.69,t_freq_m_1.00,t_freq_e_3.06,t_freq_e_0.13,z_freq_e_2.38,z_freq_e_4.06,t_freq_m_1.06,z_freq_m_0.63,xy_e_freq_e_1.25,t_freq_e_3.00,z_freq_e_4.00,z_freq_e_2.31,t_freq_e_0.19,z_freq_m_2.06,z_freq_e_0.00,z_freq_m_2.00,z_freq_m_0.56,t_freq_m_1.13,z_freq_m_3.94,xy_e_freq_m_3.75,t_freq_e_0.25,t_freq_m_1.19,z_freq_m_0.50,xy_e_freq_e_1.38,z_freq_e_2.44,t_freq_e_3.13,xy_e_freq_e_1.31,t_freq_e_3.19,xy_e_freq_m_4.69,xy_e_freq_m_4.63,t_freq_m_1.38,t_freq_m_4.19,t_freq_e_3.75,z_freq_m_1.06,z_freq_e_3.75,z_freq_m_1.00,t_freq_m_1.31,t_freq_m_4.13,xy_e_freq_e_0.44,xy_e_stddev,xy_e_freq_m_4.75,t_freq_e_3.69,z_freq_e_3.63,t_freq_m_1.25,t_freq_e_3.63,xy_e_freq_e_0.38,z_freq_m_1.13,t_freq_m_4.25,xy_e_freq_e_0.31,z_freq_e_3.69,z_freq_m_1.19,xy_e_freq_m_4.44,t_freq_m_3.94,xy_e_freq_e_4.88,t_freq_e_3.56,z_freq_e_3.50,xy_e_freq_e_0.69,t_freq_m_4.38,t_freq_m_1.56,t_freq_e_3.50,z_e_mean,z_freq_e_3.56,xy_e_freq_m_4.38,xy_e_freq_e_0.63,t_freq_m_4.31,xy_e_freq_e_4.94,t_freq_m_1.50,xy_e_freq_e_4.75,xy_e_freq_m_4.56,t_freq_m_3.81,t_freq_e_3.44,corr_z_e_xy_e,t_freq_m_3.88,xy_e_freq_m_4.50,z_dwt_avg_-5,t_freq_m_1.44,z_dwt_avg_-6,z_dwt_avg_-7,t_freq_m_4.44,z_dwt_avg_-8,xy_e_freq_e_0.56,z_dwt_avg_-9,z_freq_e_3.44,z_freq_e_0.94,xy_e_freq_e_0.50,z_dwt_avg_-0,z_dwt_avg_-1,z_dwt_avg_-2,z_dwt_avg_-3,xy_e_freq_e_4.81,z_dwt_avg_-4,z_freq_m_3.38,xy_e_freq_e_4.69,t_freq_m_3.75,xy_e_freq_e_4.63,z_freq_e_0.81,xy_e_freq_e_0.00,t_freq_m_4.50,z_freq_e_0.88,z_freq_m_3.31,xy_e_freq_e_0.06,t_freq_m_4.56,t_freq_m_1.75,t_freq_m_3.69,z_freq_m_3.25,xy_e_freq_e_4.56,z_freq_m_2.94,t_freq_m_3.63,t_freq_m_4.63,t_freq_m_1.69,z_freq_e_0.75,t_freq_m_4.69,t_freq_m_2.94,t_freq_m_1.63,z_freq_m_3.13,t_freq_m_3.56,z_freq_m_3.19,xy_e_freq_m_4.81,xy_e_freq_m_4.88,z_freq_m_2.81,t_freq_e_4.94,t_freq_m_3.50,xy_e_freq_e_4.44,z_freq_e_0.63,z_freq_m_2.88,t_freq_m_2.88,t_freq_m_1.94,t_freq_m_4.75,xy_e_freq_e_4.50,z_freq_e_3.94,z_freq_e_0.69,xy_e_freq_e_0.25,t_freq_m_2.81,t_freq_e_3.94,t_freq_e_3.88,xy_e_freq_e_4.38,t_freq_m_3.44,z_freq_m_3.06,xy_e_freq_m_4.94,xy_e_freq_e_4.31,z_freq_m_2.75,z_freq_e_0.50,t_freq_m_4.81,t_freq_m_2.75,t_freq_m_1.81,z_freq_e_3.81,t_freq_m_1.88,t_freq_e_3.81,t_freq_m_4.88,xy_e_freq_e_0.13,z_freq_m_3.00,xy_e_freq_e_0.19,z_freq_e_3.88,z_freq_e_0.56,z_freq_e_1.31,xy_e_freq_e_3.81,z_freq_m_1.88,t_freq_m_2.63,xy_e_freq_m_2.38,z_freq_e_1.38,t_freq_m_0.06,t_freq_m_2.69,t_freq_e_4.75,t_freq_m_0.00,z_freq_e_4.94,t_freq_m_3.31,xy_e_freq_m_1.63,xy_e_freq_m_2.44,xy_e_freq_e_3.75,z_freq_m_1.81,t_freq_m_3.38,t_freq_m_2.50,z_peak_stddev,xy_e_freq_p3,t_freq_m_2.56,z_freq_e_1.25,xy_e_freq_p4,z_peak_mean,xy_e_freq_p1,xy_e_freq_p2,t_freq_e_4.88,t_freq_e_4.81,z_freq_e_1.19,z_freq_m_1.94,xy_e_freq_m_1.50,xy_e_freq_m_2.56,xy_e_freq_e_3.63,xy_e_freq_e_3.69,t_freq_m_3.25,xy_e_freq_m_1.56,xy_e_freq_m_2.50,t_freq_m_3.19,xy_e_freq_m_2.19,z_freq_e_1.50,z_freq_m_1.69,z_freq_e_1.56,z_freq_m_4.00,t_freq_e_4.56,t_freq_m_2.44,t_freq_e_4.50,xy_e_freq_m_1.81,z_freq_m_4.06,xy_e_freq_m_1.88,z_freq_m_1.63,t_freq_m_3.13,xy_e_freq_e_3.94,xy_e_freq_m_2.25,xy_e_freq_m_1.69,z_freq_e_1.44,t_freq_m_2.38,t_freq_e_4.69,t_freq_m_2.31,t_freq_e_4.63,t_freq_m_3.06,xy_e_freq_m_1.75,xy_e_freq_m_2.31,xy_e_freq_e_3.88,t_freq_m_3.00,z_freq_m_1.75,t_freq_e_2.81,z_freq_e_3.38,xy_e_freq_e_0.88,t_freq_e_4.38,t_freq_m_2.25,xy_e_freq_e_0.81,xy_e_freq_m_4.19,z_freq_e_3.31,z_freq_e_1.75,xy_e_freq_e_2.94,z_freq_m_1.44,xy_e_freq_m_2.88,t_freq_e_4.31,t_freq_e_2.88,t_freq_m_0.44,xy_e_freq_m_0.81,xy_e_freq_m_2.81,xy_e_freq_m_4.25,xy_e_freq_m_0.88,z_freq_e_1.69,xy_e_freq_e_0.75,t_freq_m_0.38,t_freq_e_4.44,z_freq_e_3.25,t_freq_m_2.13,z_freq_e_1.63,z_freq_m_1.56,z_freq_m_1.50,xy_e_freq_m_1.94,xy_e_freq_m_2.94,t_freq_m_2.19,t_freq_e_2.75,xy_e_freq_m_0.94,t_mean,xy_e_freq_m_4.31,t_freq_m_0.31,z_freq_e_3.13,t_freq_e_4.13,z_freq_e_3.19,xy_e_mean,t_freq_m_2.00,z_peak_d_stddev,t_freq_e_4.19,z_kurt,z_freq_e_1.94,z_freq_m_1.25,xy_e_freq_m_2.63,xy_e_freq_m_4.00,t_freq_m_2.06,t_freq_m_0.25,t_freq_e_2.94,z_freq_e_1.88,t_freq_e_4.25,xy_e_freq_e_0.94,xy_e_freq_m_4.06,t_freq_m_0.19,z_freq_e_3.06,t_freq_m_4.00,angle_stddev,z_freq_e_1.81,xy_e_freq_m_2.69,z_freq_e_3.00,z_freq_m_1.38,t_freq_m_4.06,xy_e_freq_m_2.75,z_freq_m_1.31,xy_e_freq_m_4.13,t_freq_m_0.13,label
NaN,NaN,NaN,0.0,0.0,NaN,NaN,NaN,NaN,NaN,NaN,0.0,0.0,0.0,0.0,NaN,0.0,NaN,0.0,NaN,0.0,0.0,NaN,0.0,NaN,NaN,0.0,NaN,0.0,NaN,36,NaN,NaN,0.0,NaN,0.0,NaN,NaN,20,0.0,0.0,NaN,NaN,NaN,0.0,0.0,0.0,0.0,0.0,NaN,NaN,NaN,0.0,0.0,NaN,NaN,0.0,NaN,0.0,0.0,NaN,NaN,0.0,NaN,0.0,0.0,NaN,NaN,NaN,0.0,0.0,NaN,0.0,NaN,0.0,NaN,NaN,0.0,NaN,NaN,NaN,NaN,NaN,0.0,NaN,0.0,0.0,0.0,0.0,NaN,0.0,0.9780375163333334,NaN,0.0,NaN,0.02002786306859866,0.07655395669504356,0.1954990092363102,0.0,0.0,0.0,NaN,0.015623251760824868,NaN,NaN,0.0,0.473087880321396,0.0,NaN,0.18005068855904377,NaN,NaN,0.02048997786653764,0.018667372492245447,0.0,NaN,NaN,0.0,NaN,0.0,0.0,0.0,NaN,NaN,NaN,NaN,NaN,NaN,NaN,0.0,NaN,0.0,0.0,NaN,0.0,0.0,NaN,NaN,0.0,NaN,NaN,NaN,0.0,NaN,NaN,0.0,NaN,0.9960159362549801,2.9880478087649402,1.9920318725099602,NaN,0.0,0.0,0.028941653447413392,0.0,NaN,0.0,NaN,0.0,NaN,NaN,NaN,NaN,NaN,NaN,NaN,NaN,3.9840637450199203,0.0,0.0,NaN,4.121326446277742,0.0,1.0000000000000002,0.9799721369314015,0.0,0.0,0.0,0.23483129067865172,0.05478060211960796,0.903418180236358,NaN,NaN,0.7079191710000478,0.015623251760824868,0.0,0.03429062425307031,NaN,18.072550517317907,0.0,NaN,NaN,0.0,NaN,0.0,NaN,NaN,20,NaN,NaN,0.0,NaN,NaN,0.0,NaN,NaN,0.0,NaN,NaN,0.0,NaN,0.0,0.0,NaN,NaN,0.0,0.0,0.0,2.9880478087649402,1.9920318725099602,NaN,0.0,0.2614444642321044,0.0,NaN,0.0,0.0,0.0,0.0,NaN,NaN,0.3269566915644949,NaN,NaN,0.0,NaN,NaN,NaN,NaN,NaN,0.0,0.0,0.0,NaN,NaN,NaN,NaN,NaN,NaN,NaN,1.924533825680107,0.0,0.0,0.0,0.0,0.0,0.0,NaN,NaN,NaN,NaN,0.0,0.0,NaN,NaN,NaN,NaN,NaN,0.0,NaN,0.0,0.0,0.0,0.0,0.0,NaN,0.0,0.0,NaN,NaN,NaN,NaN,NaN,0.0,0.0,0.0,0.0,NaN,0.0,NaN,0.0,0.0,0.0,NaN,2.6248464119427184,0.0,NaN,NaN,0.0,NaN,NaN,0.0,0.0,NaN,NaN,0.0,0.0,0.0,NaN,NaN,NaN,NaN,0.0,0.0,NaN,17.024561710816503,NaN,0.0,NaN,0.0,NaN,0.0,NaN,0.0,0.0,NaN,-0.2043737834679858,0.0,0.0,-0.16300847371391133,0.0,-0.047258038146958295,-0.01598722364872023,0.0,0.0,NaN,0.0,NaN,NaN,NaN,6.038910229884847,6.601071773963389,-2.7843805426868258,3.4910649209985958,NaN,5.981770746386192,0.0,NaN,0.0,NaN,NaN,NaN,0.0,NaN,0.0,NaN,0.0,0.0,0.0,0.0,NaN,0.0,0.0,0.0,0.0,NaN,0.0,0.0,0.0,0.0,0.0,0.0,0.0,0.0,0.0,NaN,0.0,NaN,NaN,0.0,0.0,0.0,0.0,NaN,NaN,NaN,NaN,0.0,NaN,NaN,NaN,0.0,0.0,0.0,NaN,0.0,NaN,0.0,0.0,0.0,NaN,0.0,NaN,0.0,NaN,0.0,NaN,NaN,NaN,NaN,NaN,0.0,0.0,0.0,NaN,0.0,0.0,NaN,0.0,NaN,0.0,0.0,0.0,NaN,0.0,0.0,0.0,0.9759196314071455,2.9880478087649402,0.0,NaN,3.9840637450199203,7.912291503004376,0.9960159362549801,1.9920318725099602,NaN,NaN,NaN,0.0,0.0,0.0,NaN,NaN,0.0,0.0,0.0,0.0,0.0,NaN,0.0,NaN,0.0,NaN,0.0,NaN,0.0,0.0,0.0,0.0,0.0,NaN,0.0,0.0,NaN,0.0,NaN,0.0,NaN,0.0,0.0,0.0,NaN,0.0,0.0,NaN,NaN,NaN,NaN,0.0,NaN,0.0,NaN,NaN,NaN,0.0,0.0,NaN,NaN,0.0,0.0,0.0,0.0,0.0,NaN,NaN,0.0,NaN,NaN,0.0,NaN,0.0,0.0,0.0,0.0,0.0,NaN,0.0,4.146155492018223,0.0,0.0,NaN,NaN,NaN,3.8551178027649273,0.0,0.03479951856985128,NaN,-0.82809289025167,NaN,0.0,0.0,0.0,0.0,0.0,NaN,NaN,NaN,NaN,0.0,0.0,NaN,0.0,0.023333182528961455,NaN,0.0,NaN,0.0,0.0,0.0,0.0,0.0,0.0,Trapaf
NaN,NaN,NaN,0.0,0.0,NaN,NaN,NaN,NaN,NaN,NaN,0.0,0.0,0.0,0.0,NaN,0.0,NaN,0.0,NaN,0.0,0.0,NaN,0.0,NaN,NaN,0.0,NaN,0.0,NaN,26,NaN,NaN,0.0,NaN,0.0,NaN,NaN,20,0.0,0.0,NaN,NaN,NaN,0.0,0.0,0.0,0.0,0.0,NaN,NaN,NaN,0.0,0.0,NaN,NaN,0.0,NaN,0.0,0.0,NaN,NaN,0.0,NaN,0.0,0.0,NaN,NaN,NaN,0.0,0.0,NaN,0.0,NaN,0.0,NaN,NaN,0.0,NaN,NaN,NaN,NaN,NaN,0.0,NaN,0.0,0.0,0.0,0.0,NaN,0.0,1.0271911253333335,NaN,0.0,NaN,0.01934842115519862,0.07311224229273522,0.2519288775410863,0.0,0.0,0.0,NaN,6.552812069636855E-5,NaN,NaN,0.0,0.4197051174663407,0.0,NaN,0.16765585040505046,NaN,NaN,0.039676901765375715,0.028507061253516406,0.0,NaN,NaN,0.0,NaN,0.0,0.0,0.0,NaN,NaN,NaN,NaN,NaN,NaN,NaN,0.0,NaN,0.0,0.0,NaN,0.0,0.0,NaN,NaN,0.0,NaN,NaN,NaN,0.0,NaN,NaN,0.0,NaN,1.0040160642570282,3.0120481927710845,2.0080321285140563,NaN,0.0,0.0,0.030327448222355124,0.0,NaN,0.0,NaN,0.0,NaN,NaN,NaN,NaN,NaN,NaN,NaN,NaN,4.016064257028113,0.0,0.0,NaN,3.562025043214666,0.0,0.9999999999999999,0.9806515788448013,0.0,0.0,0.0,0.23590534154463896,0.06824949113958849,0.9075393365520661,NaN,NaN,0.6556104590109797,6.552812069636855E-5,0.0,0.028572589374212774,NaN,12.538351670051249,0.0,NaN,NaN,0.0,NaN,0.0,NaN,NaN,20,NaN,NaN,0.0,NaN,NaN,0.0,NaN,NaN,0.0,NaN,NaN,0.0,NaN,0.0,0.0,NaN,NaN,0.0,0.0,0.0,3.0120481927710845,2.0080321285140563,NaN,0.0,0.06512274106946091,0.0,NaN,0.0,0.0,0.0,0.0,NaN,NaN,0.15737795275216465,NaN,NaN,0.0,NaN,NaN,NaN,NaN,NaN,0.0,0.0,0.0,NaN,NaN,NaN,NaN,NaN,NaN,NaN,1.5275484328194104,0.0,0.0,0.0,0.0,0.0,0.0,NaN,NaN,NaN,NaN,0.0,0.0,NaN,NaN,NaN,NaN,NaN,0.0,NaN,0.0,0.0,0.0,0.0,0.0,NaN,0.0,0.0,NaN,NaN,NaN,NaN,NaN,0.0,0.0,0.0,0.0,NaN,0.0,NaN,0.0,0.0,0.0,NaN,6.5643550454905855,0.0,NaN,NaN,0.0,NaN,NaN,0.0,0.0,NaN,NaN,0.0,0.0,0.0,NaN,NaN,NaN,NaN,0.0,0.0,NaN,12.661834315213795,NaN,0.0,NaN,0.0,NaN,0.0,NaN,0.0,0.0,NaN,-0.1869855802747743,0.0,0.0,-0.030321537048997815,0.0,-0.005258733153830034,-0.0014777776081815568,0.0,0.0,NaN,0.0,NaN,NaN,NaN,0.32790650277955535,6.839311704895748,-0.8671284892025155,0.9403278639814017,NaN,-2.210499872639013,0.0,NaN,0.0,NaN,NaN,NaN,0.0,NaN,0.0,NaN,0.0,0.0,0.0,0.0,NaN,0.0,0.0,0.0,0.0,NaN,0.0,0.0,0.0,0.0,0.0,0.0,0.0,0.0,0.0,NaN,0.0,NaN,NaN,0.0,0.0,0.0,0.0,NaN,NaN,NaN,NaN,0.0,NaN,NaN,NaN,0.0,0.0,0.0,NaN,0.0,NaN,0.0,0.0,0.0,NaN,0.0,NaN,0.0,NaN,0.0,NaN,NaN,NaN,NaN,NaN,0.0,0.0,0.0,NaN,0.0,0.0,NaN,0.0,NaN,0.0,0.0,0.0,NaN,0.0,0.0,0.0,0.621643399301357,3.0120481927710845,0.0,NaN,4.016064257028113,5.419091488143658,1.0040160642570282,2.0080321285140563,NaN,NaN,NaN,0.0,0.0,0.0,NaN,NaN,0.0,0.0,0.0,0.0,0.0,NaN,0.0,NaN,0.0,NaN,0.0,NaN,0.0,0.0,0.0,0.0,0.0,NaN,0.0,0.0,NaN,0.0,NaN,0.0,NaN,0.0,0.0,0.0,NaN,0.0,0.0,NaN,NaN,NaN,NaN,0.0,NaN,0.0,NaN,NaN,NaN,0.0,0.0,NaN,NaN,0.0,0.0,0.0,0.0,0.0,NaN,NaN,0.0,NaN,NaN,0.0,NaN,0.0,0.0,0.0,0.0,0.0,NaN,0.0,4.212600417902144,0.0,0.0,NaN,NaN,NaN,7.408201079041062,0.0,0.035150745186631666,NaN,-1.068461786705903,NaN,0.0,0.0,0.0,0.0,0.0,NaN,NaN,NaN,NaN,0.0,0.0,NaN,0.0,0.01866186850055559,NaN,0.0,NaN,0.0,0.0,0.0,0.0,0.0,0.0,Trapaf
NaN,NaN,NaN,0.0,0.0,NaN,NaN,NaN,NaN,NaN,NaN,0.0,0.0,0.0,0.0,NaN,0.0,NaN,0.0,NaN,0.0,0.0,NaN,0.0,NaN,NaN,0.0,NaN,0.0,NaN,45,NaN,NaN,0.0,NaN,0.0,NaN,NaN,23,0.0,0.0,NaN,NaN,NaN,0.0,0.0,0.0,0.0,0.0,NaN,NaN,NaN,0.0,0.0,NaN,NaN,0.0,NaN,0.0,0.0,NaN,NaN,0.0,NaN,0.0,0.0,NaN,NaN,NaN,0.0,0.0,NaN,0.0,NaN,0.0,NaN,NaN,0.0,NaN,NaN,NaN,NaN,NaN,0.0,NaN,0.0,0.0,0.0,0.0,NaN,0.0,1.00138855,NaN,0.01917103090185409,NaN,0.0732225555671218,0.23066876063292277,0.4623023228246217,0.0,0.0,0.0,NaN,0.0066665979047413225,NaN,NaN,0.0,0.1712734098318568,0.0,NaN,0.019141437072153007,NaN,NaN,0.016939549058219282,6.143362065093073E-4,0.0,NaN,NaN,0.0,NaN,0.0,0.0,0.0,NaN,NaN,NaN,NaN,NaN,NaN,NaN,0.0,NaN,0.0,0.0,NaN,0.0,0.0,NaN,NaN,0.0,NaN,NaN,NaN,0.0,NaN,NaN,0.0,NaN,1.0,3.0,2.0,NaN,0.0,0.0,0.028347890106412248,0.0,NaN,0.0,NaN,0.0,NaN,NaN,NaN,NaN,NaN,NaN,NaN,NaN,4.0,0.0,0.0,NaN,3.855299242304103,0.0,0.9808289690981461,0.9076064135310242,0.0,0.0,1.0000000000000002,0.04336192024162292,0.02422048316946991,0.6769376528981015,NaN,NaN,0.21463533007347974,0.0066665979047413225,0.0,0.0072809341112506296,NaN,14.906469240254678,0.0,NaN,NaN,0.0,NaN,0.0,NaN,NaN,23,NaN,NaN,0.0,NaN,NaN,0.0,NaN,NaN,0.0,NaN,NaN,0.0,NaN,0.0,0.0,NaN,NaN,0.0,0.0,0.0,3.0,2.0,NaN,0.0,0.2541600452857803,0.0,NaN,0.0,0.0,0.0,0.0,NaN,NaN,0.3343622016880613,NaN,NaN,0.0,NaN,NaN,NaN,NaN,NaN,0.0,0.0,0.0,NaN,NaN,NaN,NaN,NaN,NaN,NaN,1.6970296450866549,0.0,0.0,0.0,0.0,0.0,0.0,NaN,NaN,NaN,NaN,0.0,0.0,NaN,NaN,NaN,NaN,NaN,0.0,NaN,0.0,0.0,0.0,0.0,0.0,NaN,0.0,0.0,NaN,NaN,NaN,NaN,NaN,0.0,0.0,0.0,0.0,NaN,0.0,NaN,0.0,0.0,0.0,NaN,3.8380637318784796,0.0,NaN,NaN,0.0,NaN,NaN,0.0,0.0,NaN,NaN,0.0,0.0,0.0,NaN,NaN,NaN,NaN,0.0,0.0,NaN,14.925585888802573,NaN,0.0,NaN,0.0,NaN,0.0,NaN,0.0,0.0,NaN,-0.053045457803621965,0.0,0.0,3.8480869294721014,0.0,0.15729939427278752,0.049727778001467805,0.0,0.017134700969680804,NaN,0.0,NaN,NaN,NaN,5.0958494415993565,1.5469187846289334,-5.508000636400068,1.5242655084408907,NaN,-0.7023482895450782,0.0,NaN,0.0,NaN,NaN,NaN,0.0,NaN,0.0,NaN,0.0,0.0,0.0,0.0,NaN,0.0,0.0,0.0,0.0,NaN,0.0,0.0,0.0,0.0,0.0,0.0,0.0,0.0,0.0,NaN,0.0,NaN,NaN,0.0,0.0,0.0,0.0,NaN,NaN,NaN,NaN,0.0,NaN,NaN,NaN,0.0,0.0,0.0,NaN,0.0,NaN,0.0,0.0,0.0,NaN,0.0,NaN,0.0,NaN,0.0,NaN,NaN,NaN,NaN,NaN,0.0,0.0,0.0,NaN,0.0,0.0,NaN,0.0,NaN,0.0,0.0,0.0,NaN,0.0,0.0,0.0,0.4968876007600336,4.0,0.0,NaN,6.0,6.994946700987811,1.0,2.0,NaN,NaN,NaN,0.0,0.0,0.0,NaN,NaN,0.0,0.0,0.0,0.0,0.0,NaN,0.0,NaN,0.0,NaN,0.0,NaN,0.0,0.0,0.0,0.0,0.0,NaN,0.0,0.0,NaN,0.0,NaN,0.0,NaN,0.0,0.0,0.0,NaN,0.0,0.0,NaN,NaN,NaN,NaN,0.0,NaN,0.0,NaN,NaN,NaN,0.0,0.0,NaN,NaN,0.0,0.0,0.0,0.0,0.0,NaN,NaN,0.0,NaN,NaN,0.0,NaN,0.0,0.0,0.0,0.0,0.0,NaN,0.0,4.055477748443569,0.0,0.0,NaN,NaN,NaN,4.39162379690026,0.0,0.02790076189785414,NaN,-0.9908326542045622,NaN,0.0,0.0,0.0,0.0,0.0,NaN,NaN,NaN,NaN,0.0,0.0,NaN,0.0,0.02460807385581028,NaN,0.0,NaN,0.0,0.0,0.0,0.0,0.0,0.0,Trapaf
NaN,NaN,NaN,0.0,0.0,NaN,NaN,NaN,NaN,NaN,NaN,0.0,0.0,0.0,0.0,NaN,0.0,NaN,0.0,NaN,0.0,0.0,NaN,0.0,NaN,NaN,0.0,NaN,0.0,NaN,30,NaN,NaN,0.0,NaN,0.0,NaN,NaN,18,0.0,0.0,NaN,NaN,NaN,0.0,0.0,0.0,0.0,0.0,NaN,NaN,NaN,0.0,0.0,NaN,NaN,0.0,NaN,0.0,0.0,NaN,NaN,0.0,NaN,0.0,0.0,NaN,NaN,NaN,0.0,0.0,NaN,0.0,NaN,0.0,NaN,NaN,0.0,NaN,NaN,NaN,NaN,NaN,0.0,NaN,0.0,0.0,0.0,0.0,NaN,0.0,1.0577697753333333,NaN,0.0,NaN,0.016306484083258816,0.062347156163567764,0.18269378485628054,0.0,0.0,0.0,NaN,0.01960599139615592,NaN,NaN,0.0,0.45582366840192173,0.0,NaN,0.24378777290367054,NaN,NaN,0.01928671185062458,1.4843034451998883E-4,0.0,NaN,NaN,0.0,NaN,0.0,0.0,0.0,NaN,NaN,NaN,NaN,NaN,NaN,NaN,0.0,NaN,0.0,0.0,NaN,0.0,0.0,NaN,NaN,0.0,NaN,NaN,NaN,0.0,NaN,NaN,0.0,NaN,1.0,2.8,1.8,NaN,0.0,0.0,0.027463510975012855,0.0,NaN,0.0,NaN,0.0,NaN,NaN,NaN,NaN,NaN,NaN,NaN,NaN,3.8,0.0,0.0,NaN,3.317599716445168,0.0,1.0,0.9836935159167411,0.0,0.0,0.0,0.28282890649497106,0.03904113359130049,0.9213463597531734,NaN,NaN,0.7386525748968927,0.01960599139615592,0.0,0.01975442174067591,NaN,11.478166760284566,0.0,NaN,NaN,0.0,NaN,0.0,NaN,NaN,19,NaN,NaN,0.0,NaN,NaN,0.0,NaN,NaN,0.0,NaN,NaN,0.0,NaN,0.0,0.0,NaN,NaN,0.0,0.0,0.0,2.8,1.8,NaN,0.0,0.0882556053205042,0.0,NaN,0.0,0.0,0.0,0.0,NaN,NaN,0.20443452028127343,NaN,NaN,0.0,NaN,NaN,NaN,NaN,NaN,0.0,0.0,0.0,NaN,NaN,NaN,NaN,NaN,NaN,NaN,1.5411493925633246,0.0,0.0,0.0,0.0,0.0,0.0,NaN,NaN,NaN,NaN,0.0,0.0,NaN,NaN,NaN,NaN,NaN,0.0,NaN,0.0,0.0,0.0,0.0,0.0,NaN,0.0,0.0,NaN,NaN,NaN,NaN,NaN,0.0,0.0,0.0,0.0,NaN,0.0,NaN,0.0,0.0,0.0,NaN,3.254732603916929,0.0,NaN,NaN,0.0,NaN,NaN,0.0,0.0,NaN,NaN,0.0,0.0,0.0,NaN,NaN,NaN,NaN,0.0,0.0,NaN,11.004235480125462,NaN,0.0,NaN,0.0,NaN,0.0,NaN,0.0,0.0,NaN,-0.19629729728625564,0.0,0.0,-0.02976674705821966,0.0,-0.006420011802916577,-0.0019799177191518903,0.0,0.0,NaN,0.0,NaN,NaN,NaN,5.451486728169358,0.47433143034282654,2.6259170749200664,-0.7680638963634112,NaN,-1.6569234380476825,0.0,NaN,0.0,NaN,NaN,NaN,0.0,NaN,0.0,NaN,0.0,0.0,0.0,0.0,NaN,0.0,0.0,0.0,0.0,NaN,0.0,0.0,0.0,0.0,0.0,0.0,0.0,0.0,0.0,NaN,0.0,NaN,NaN,0.0,0.0,0.0,0.0,NaN,NaN,NaN,NaN,0.0,NaN,NaN,NaN,0.0,0.0,0.0,NaN,0.0,NaN,0.0,0.0,0.0,NaN,0.0,NaN,0.0,NaN,0.0,NaN,NaN,NaN,NaN,NaN,0.0,0.0,0.0,NaN,0.0,0.0,NaN,0.0,NaN,0.0,0.0,0.0,NaN,0.0,0.0,0.0,0.421222736111119,3.8,0.0,NaN,4.6,6.038285704578748,1.8,2.8,NaN,NaN,NaN,0.0,0.0,0.0,NaN,NaN,0.0,0.0,0.0,0.0,0.0,NaN,0.0,NaN,0.0,NaN,0.0,NaN,0.0,0.0,0.0,0.0,0.0,NaN,0.0,0.0,NaN,0.0,NaN,0.0,NaN,0.0,0.0,0.0,NaN,0.0,0.0,NaN,NaN,NaN,NaN,0.0,NaN,0.0,NaN,NaN,NaN,0.0,0.0,NaN,NaN,0.0,0.0,0.0,0.0,0.0,NaN,NaN,0.0,NaN,NaN,0.0,NaN,0.0,0.0,0.0,0.0,0.0,NaN,0.0,3.4640523035306283,0.0,0.0,NaN,NaN,NaN,3.361063765867892,0.0,0.020424423559136897,NaN,-0.922306985922213,NaN,0.0,0.0,0.0,0.0,0.0,NaN,NaN,NaN,NaN,0.0,0.0,NaN,0.0,0.02118171551836228,NaN,0.0,NaN,0.0,0.0,0.0,0.0,0.0,0.0,Trapaf
NaN,NaN,NaN,0.0,0.0,NaN,NaN,NaN,NaN,NaN,NaN,0.0,0.0,0.0,0.0,NaN,0.0,NaN,0.0,NaN,0.0,0.0,NaN,0.0,NaN,NaN,0.0,NaN,0.0,NaN,25,NaN,NaN,0.0,NaN,0.0,NaN,NaN,15,0.0,0.0,NaN,NaN,NaN,0.0,0.0,0.0,0.0,0.0,NaN,NaN,NaN,0.0,0.0,NaN,NaN,0.0,NaN,0.0,0.0,NaN,NaN,0.0,NaN,0.0,0.0,NaN,NaN,NaN,0.0,0.0,NaN,0.0,NaN,0.0,NaN,NaN,0.0,NaN,NaN,NaN,NaN,NaN,0.0,NaN,0.0,0.0,0.0,0.0,NaN,0.0,1.0283355715,NaN,0.0,NaN,0.016733591739191513,0.06381364079656646,0.2189153781378684,0.0,0.0,0.0,NaN,0.006941510316498376,NaN,NaN,0.0,0.45933893692994576,0.0,NaN,0.20026541653777621,NaN,NaN,0.01246400347871623,0.021527522063436878,0.0,NaN,NaN,0.0,NaN,0.0,0.0,0.0,NaN,NaN,NaN,NaN,NaN,NaN,NaN,0.0,NaN,0.0,0.0,NaN,0.0,0.0,NaN,NaN,0.0,NaN,NaN,NaN,0.0,NaN,NaN,0.0,NaN,0.9950248756218906,4.72636815920398,3.7313432835820897,NaN,0.0,0.0,0.02643711065540211,0.0,NaN,0.0,NaN,0.0,NaN,NaN,NaN,NaN,NaN,NaN,NaN,NaN,0.0,0.0,0.0,NaN,3.77981535174259,0.0,0.9999999999999999,0.9832664082608084,0.0,0.0,0.0,0.2411984523964277,0.04093303585865148,0.9194527674642419,NaN,NaN,0.7005373893263734,0.006941510316498376,0.0,0.02846903237993525,NaN,15.020744757779498,0.0,NaN,NaN,0.0,NaN,0.0,NaN,NaN,15,NaN,NaN,0.0,NaN,NaN,0.0,NaN,NaN,0.0,NaN,NaN,0.0,NaN,0.0,0.0,NaN,NaN,0.0,0.0,0.0,2.985074626865672,1.9900497512437811,NaN,0.0,0.3185958311084303,0.0,NaN,0.0,0.0,0.0,0.0,NaN,NaN,0.19991106335649855,NaN,NaN,0.0,NaN,NaN,NaN,NaN,NaN,0.0,0.0,0.0,NaN,NaN,NaN,NaN,NaN,NaN,NaN,1.792634042214398,0.0,0.0,0.0,0.0,0.0,0.0,NaN,NaN,NaN,NaN,0.0,0.0,NaN,NaN,NaN,NaN,NaN,0.0,NaN,0.0,0.0,0.0,0.0,0.0,NaN,0.0,0.0,NaN,NaN,NaN,NaN,NaN,0.0,0.0,0.0,0.0,NaN,0.0,NaN,0.0,0.0,0.0,NaN,3.038930352905551,0.0,NaN,NaN,0.0,NaN,NaN,0.0,0.0,NaN,NaN,0.0,0.0,0.0,NaN,NaN,NaN,NaN,0.0,0.0,NaN,14.255888904166708,NaN,0.0,NaN,0.0,NaN,0.0,NaN,0.0,0.0,NaN,0.04696245058219739,0.0,0.0,-0.1839375201345297,0.0,-0.0687860810666612,-0.02445204202147971,0.0,0.0,NaN,0.0,NaN,NaN,NaN,3.766814100361538,-6.63352273961746,2.9293024573925432,-0.43477501437649924,NaN,-3.602651778939103,0.0,NaN,0.0,NaN,NaN,NaN,0.0,NaN,0.0,NaN,0.0,0.0,0.0,0.0,NaN,0.0,0.0,0.0,0.0,NaN,0.0,0.0,0.0,0.0,0.0,0.0,0.0,0.0,0.0,NaN,0.0,NaN,NaN,0.0,0.0,0.0,0.0,NaN,NaN,NaN,NaN,0.0,NaN,NaN,NaN,0.0,0.0,0.0,NaN,0.0,NaN,0.0,0.0,0.0,NaN,0.0,NaN,0.0,NaN,0.0,NaN,NaN,NaN,NaN,NaN,0.0,0.0,0.0,NaN,0.0,0.0,NaN,0.0,NaN,0.0,0.0,0.0,NaN,0.0,0.0,0.0,0.1740135660897748,5.721393034825871,0.0,NaN,6.7164179104477615,6.312129242767345,1.7412935323383085,3.9800995024875623,NaN,NaN,NaN,0.0,0.0,0.0,NaN,NaN,0.0,0.0,0.0,0.0,0.0,NaN,0.0,NaN,0.0,NaN,0.0,NaN,0.0,0.0,0.0,0.0,0.0,NaN,0.0,0.0,NaN,0.0,NaN,0.0,NaN,0.0,0.0,0.0,NaN,0.0,0.0,NaN,NaN,NaN,NaN,0.0,NaN,0.0,NaN,NaN,NaN,0.0,0.0,NaN,NaN,0.0,0.0,0.0,0.0,0.0,NaN,NaN,0.0,NaN,NaN,0.0,NaN,0.0,0.0,0.0,0.0,0.0,NaN,0.0,3.865459293679729,0.0,0.0,NaN,NaN,NaN,3.883435710914259,0.0,0.041885200775901514,NaN,-0.9016938297145773,NaN,0.0,0.0,0.0,0.0,0.0,NaN,NaN,NaN,NaN,0.0,0.0,NaN,0.0,0.02088610053528664,NaN,0.0,NaN,0.0,0.0,0.0,0.0,0.0,0.0,Trapaf
NaN,NaN,NaN,0.0,0.0,NaN,NaN,NaN,NaN,NaN,NaN,0.0,0.0,0.0,0.0,NaN,0.0,NaN,0.0,NaN,0.0,0.0,NaN,0.0,NaN,NaN,0.0,NaN,0.0,NaN,23,NaN,NaN,0.0,NaN,0.0,NaN,NaN,15,0.0,0.0,NaN,NaN,NaN,0.0,0.0,0.0,0.0,0.0,NaN,NaN,NaN,0.0,0.0,NaN,NaN,0.0,NaN,0.0,0.0,NaN,NaN,0.0,NaN,0.0,0.0,NaN,NaN,NaN,0.0,0.0,NaN,0.0,NaN,0.0,NaN,NaN,0.0,NaN,NaN,NaN,NaN,NaN,0.0,NaN,0.0,0.0,0.0,0.0,NaN,0.0,1.097717376,NaN,0.0,NaN,0.018086518266123047,0.06839835445854571,0.23581474814554887,0.0,0.0,0.0,NaN,0.006097093934078009,NaN,NaN,0.0,0.3751755976245235,0.0,NaN,0.2860317828773186,NaN,NaN,0.010129030057346857,2.668746365152934E-4,0.0,NaN,NaN,0.0,NaN,0.0,0.0,0.0,NaN,NaN,NaN,NaN,NaN,NaN,NaN,0.0,NaN,0.0,0.0,NaN,0.0,0.0,NaN,NaN,0.0,NaN,NaN,NaN,0.0,NaN,NaN,0.0,NaN,0.8968609865470852,2.690582959641256,1.7937219730941705,NaN,0.0,0.0,0.029519364653694757,0.0,NaN,0.0,NaN,0.0,NaN,NaN,NaN,NaN,NaN,NaN,NaN,NaN,3.587443946188341,0.0,0.0,NaN,2.906057859153642,0.0,0.9999999999999999,0.9819134817338768,0.0,0.0,0.0,0.3025247815052588,0.01649299862794016,0.9135151272753311,NaN,NaN,0.6777003791297822,0.006097093934078009,0.0,0.006363968570593302,NaN,9.105821663450403,0.0,NaN,NaN,0.0,NaN,0.0,NaN,NaN,17,NaN,NaN,0.0,NaN,NaN,0.0,NaN,NaN,0.0,NaN,NaN,0.0,NaN,0.0,0.0,NaN,NaN,0.0,0.0,3.587443946188341,1.7937219730941705,0.8968609865470852,NaN,0.0,0.08851426014386084,0.0,NaN,0.0,0.0,0.0,0.0,NaN,NaN,0.17494563942788866,NaN,NaN,0.0,NaN,NaN,NaN,NaN,NaN,0.0,0.0,0.0,NaN,NaN,NaN,NaN,NaN,NaN,NaN,1.4911995697805849,0.0,0.0,0.0,0.0,0.0,0.0,NaN,NaN,NaN,NaN,0.0,0.0,NaN,NaN,NaN,NaN,NaN,0.0,NaN,0.0,0.0,0.0,0.0,0.0,NaN,0.0,0.0,NaN,NaN,NaN,NaN,NaN,0.0,0.0,0.0,0.0,NaN,0.0,NaN,0.0,0.0,0.0,NaN,6.1707591696787505,0.0,NaN,NaN,0.0,NaN,NaN,0.0,0.0,NaN,NaN,0.0,0.0,0.0,NaN,NaN,NaN,NaN,0.0,0.0,NaN,8.437907529787118,NaN,0.0,NaN,0.0,NaN,0.0,NaN,0.0,0.0,NaN,0.036388558496930436,0.0,0.0,0.008566150682508905,0.0,-9.087409972815888E-4,-5.646903462044875E-4,0.0,0.0,NaN,0.0,NaN,NaN,NaN,-2.3867668955409886,0.4993467331858772,2.1313916453957873,-3.733255904164454,NaN,-0.4946862268410383,0.0,NaN,0.0,NaN,NaN,NaN,0.0,NaN,0.0,NaN,0.0,0.0,0.0,0.0,NaN,0.0,0.0,0.0,0.0,NaN,0.0,0.0,0.0,0.0,0.0,0.0,0.0,0.0,0.0,NaN,0.0,NaN,NaN,0.0,0.0,0.0,0.0,NaN,NaN,NaN,NaN,0.0,NaN,NaN,NaN,0.0,0.0,0.0,NaN,0.0,NaN,0.0,0.0,0.0,NaN,0.0,NaN,0.0,NaN,0.0,NaN,NaN,NaN,NaN,NaN,0.0,0.0,0.0,NaN,0.0,0.0,NaN,0.0,NaN,0.0,0.0,0.0,NaN,0.0,0.0,0.0,0.20262873800345274,2.690582959641256,0.0,NaN,3.587443946188341,4.802943951599851,0.8968609865470852,1.7937219730941705,NaN,NaN,NaN,0.0,0.0,0.0,NaN,NaN,0.0,0.0,0.0,0.0,0.0,NaN,0.0,NaN,0.0,NaN,0.0,NaN,0.0,0.0,0.0,0.0,0.0,NaN,0.0,0.0,NaN,0.0,NaN,0.0,NaN,0.0,0.0,0.0,NaN,0.0,0.0,NaN,NaN,NaN,NaN,0.0,NaN,0.0,NaN,NaN,NaN,0.0,0.0,NaN,NaN,0.0,0.0,0.0,0.0,0.0,NaN,NaN,0.0,NaN,NaN,0.0,NaN,0.0,0.0,0.0,0.0,0.0,NaN,0.0,3.4993594056945265,0.0,0.0,NaN,NaN,NaN,6.021313235390183,0.0,0.04268381636696175,NaN,-0.9155610584596681,NaN,0.0,0.0,0.0,0.0,0.0,NaN,NaN,NaN,NaN,0.0,0.0,NaN,0.0,0.024520912640106998,NaN,0.0,NaN,0.0,0.0,0.0,0.0,0.0,0.0,Trapaf
NaN,NaN,NaN,0.0,0.0,NaN,NaN,NaN,NaN,NaN,NaN,0.0,0.0,0.0,0.0,NaN,0.0,NaN,0.0,NaN,0.0,0.0,NaN,0.0,NaN,NaN,0.0,NaN,0.0,NaN,16,NaN,NaN,0.0,NaN,0.0,NaN,NaN,15,0.0,0.0,NaN,NaN,NaN,0.0,0.0,0.0,0.0,0.0,NaN,NaN,NaN,0.0,0.0,NaN,NaN,0.0,NaN,0.0,0.0,NaN,NaN,0.0,NaN,0.0,0.0,NaN,NaN,NaN,0.0,0.0,NaN,0.0,NaN,0.0,NaN,NaN,0.0,NaN,NaN,NaN,NaN,NaN,0.0,NaN,0.0,0.0,0.0,0.0,NaN,0.0,1.157516544,NaN,0.0,NaN,0.017396631038470705,0.06601097037688997,0.19087767565477184,0.0,0.0,0.0,NaN,0.0031087528688830256,NaN,NaN,0.0,0.46956129520766227,0.0,NaN,0.189961774998574,NaN,NaN,0.06306498615598438,1.7913698763818125E-5,0.0,NaN,NaN,0.0,NaN,0.0,0.0,0.0,NaN,NaN,NaN,NaN,NaN,NaN,NaN,0.0,NaN,0.0,0.0,NaN,0.0,0.0,NaN,NaN,0.0,NaN,NaN,NaN,0.0,NaN,NaN,0.0,NaN,1.7937219730941705,4.260089686098655,3.3632286995515694,NaN,0.0,0.0,0.03001946039379409,0.0,NaN,0.0,NaN,0.0,NaN,NaN,NaN,NaN,NaN,NaN,NaN,NaN,0.0,0.0,0.0,NaN,2.494274106703571,0.0,0.9999999999999999,0.9826033689615292,0.0,0.0,0.0,0.2561534277222052,0.06619165272363121,0.9165923985846393,NaN,NaN,0.7257147229298674,0.0031087528688830256,0.0,0.0031266665676468438,NaN,7.229140362655454,0.0,NaN,NaN,0.0,NaN,0.0,NaN,NaN,15,NaN,NaN,0.0,NaN,NaN,0.0,NaN,NaN,0.0,NaN,NaN,0.0,NaN,0.0,0.0,NaN,NaN,0.0,0.0,0.0,3.3632286995515694,1.7937219730941705,NaN,0.0,0.24540843541087387,0.0,NaN,0.0,0.0,0.0,0.0,NaN,NaN,0.22023905702663524,NaN,NaN,0.0,NaN,NaN,NaN,NaN,NaN,0.0,0.0,0.0,NaN,NaN,NaN,NaN,NaN,NaN,NaN,1.375435807564453,0.0,0.0,0.0,0.0,0.0,0.0,NaN,NaN,NaN,NaN,0.0,0.0,NaN,NaN,NaN,NaN,NaN,0.0,NaN,0.0,0.0,0.0,0.0,0.0,NaN,0.0,0.0,NaN,NaN,NaN,NaN,NaN,0.0,0.0,0.0,0.0,NaN,0.0,NaN,0.0,0.0,0.0,NaN,6.1674942479336305,0.0,NaN,NaN,0.0,NaN,NaN,0.0,0.0,NaN,NaN,0.0,0.0,0.0,NaN,NaN,NaN,NaN,0.0,0.0,NaN,6.242009892018283,NaN,0.0,NaN,0.0,NaN,0.0,NaN,0.0,0.0,NaN,-0.08974435746889067,0.0,0.0,-0.17760193133478092,0.0,-0.05968674853260936,-0.020872658743159765,0.0,0.0,NaN,0.0,NaN,NaN,NaN,1.6950665741951518,0.12867266437046787,4.669444479229791,5.916910921762504,NaN,-1.7198718209516513,0.0,NaN,0.0,NaN,NaN,NaN,0.0,NaN,0.0,NaN,0.0,0.0,0.0,0.0,NaN,0.0,0.0,0.0,0.0,NaN,0.0,0.0,0.0,0.0,0.0,0.0,0.0,0.0,0.0,NaN,0.0,NaN,NaN,0.0,0.0,0.0,0.0,NaN,NaN,NaN,NaN,0.0,NaN,NaN,NaN,0.0,0.0,0.0,NaN,0.0,NaN,0.0,0.0,0.0,NaN,0.0,NaN,0.0,NaN,0.0,NaN,NaN,NaN,NaN,NaN,0.0,0.0,0.0,NaN,0.0,0.0,NaN,0.0,NaN,0.0,0.0,0.0,NaN,0.0,0.0,0.0,0.8844013234587267,2.690582959641256,0.0,NaN,5.15695067264574,4.72093372001122,0.8968609865470852,1.7937219730941705,NaN,NaN,NaN,0.0,0.0,0.0,NaN,NaN,0.0,0.0,0.0,0.0,0.0,NaN,0.0,NaN,0.0,NaN,0.0,NaN,0.0,0.0,0.0,0.0,0.0,NaN,0.0,0.0,NaN,0.0,NaN,0.0,NaN,0.0,0.0,0.0,NaN,0.0,0.0,NaN,NaN,NaN,NaN,0.0,NaN,0.0,NaN,NaN,NaN,0.0,0.0,NaN,NaN,0.0,0.0,0.0,0.0,0.0,NaN,NaN,0.0,NaN,NaN,0.0,NaN,0.0,0.0,0.0,0.0,0.0,NaN,0.0,3.2374657902685846,0.0,0.0,NaN,NaN,NaN,6.122514997697905,0.0,0.015213227034746835,NaN,-0.7079396824530293,NaN,0.0,0.0,0.0,0.0,0.0,NaN,NaN,NaN,NaN,0.0,0.0,NaN,0.0,0.029860879560589016,NaN,0.0,NaN,0.0,0.0,0.0,0.0,0.0,0.0,Trapaf
NaN,NaN,NaN,0.0,0.0,NaN,NaN,NaN,NaN,NaN,NaN,0.0,0.0,0.0,0.0,NaN,0.0,NaN,0.0,NaN,0.0,0.0,NaN,0.0,NaN,NaN,0.0,NaN,0.0,NaN,45,NaN,NaN,0.0,NaN,0.0,NaN,NaN,23,0.0,0.0,NaN,NaN,NaN,0.0,0.0,0.0,0.0,0.0,NaN,NaN,NaN,0.0,0.0,NaN,NaN,0.0,NaN,0.0,0.0,NaN,NaN,0.0,NaN,0.0,0.0,NaN,NaN,NaN,0.0,0.0,NaN,0.0,NaN,0.0,NaN,NaN,0.0,NaN,NaN,NaN,NaN,NaN,0.0,NaN,0.0,0.0,0.0,0.0,NaN,0.0,1.00138855,NaN,0.01917103090185409,NaN,0.0732225555671218,0.23066876063292277,0.4623023228246217,0.0,0.0,0.0,NaN,0.0066665979047413225,NaN,NaN,0.0,0.1712734098318568,0.0,NaN,0.019141437072153007,NaN,NaN,0.016939549058219282,6.143362065093073E-4,0.0,NaN,NaN,0.0,NaN,0.0,0.0,0.0,NaN,NaN,NaN,NaN,NaN,NaN,NaN,0.0,NaN,0.0,0.0,NaN,0.0,0.0,NaN,NaN,0.0,NaN,NaN,NaN,0.0,NaN,NaN,0.0,NaN,1.0,3.0,2.0,NaN,0.0,0.0,0.028347890106412248,0.0,NaN,0.0,NaN,0.0,NaN,NaN,NaN,NaN,NaN,NaN,NaN,NaN,4.0,0.0,0.0,NaN,3.855299242304103,0.0,0.9808289690981461,0.9076064135310242,0.0,0.0,1.0000000000000002,0.04336192024162292,0.02422048316946991,0.6769376528981015,NaN,NaN,0.21463533007347974,0.0066665979047413225,0.0,0.0072809341112506296,NaN,14.906469240254678,0.0,NaN,NaN,0.0,NaN,0.0,NaN,NaN,23,NaN,NaN,0.0,NaN,NaN,0.0,NaN,NaN,0.0,NaN,NaN,0.0,NaN,0.0,0.0,NaN,NaN,0.0,0.0,0.0,3.0,2.0,NaN,0.0,0.2541600452857803,0.0,NaN,0.0,0.0,0.0,0.0,NaN,NaN,0.3343622016880613,NaN,NaN,0.0,NaN,NaN,NaN,NaN,NaN,0.0,0.0,0.0,NaN,NaN,NaN,NaN,NaN,NaN,NaN,1.6970296450866549,0.0,0.0,0.0,0.0,0.0,0.0,NaN,NaN,NaN,NaN,0.0,0.0,NaN,NaN,NaN,NaN,NaN,0.0,NaN,0.0,0.0,0.0,0.0,0.0,NaN,0.0,0.0,NaN,NaN,NaN,NaN,NaN,0.0,0.0,0.0,0.0,NaN,0.0,NaN,0.0,0.0,0.0,NaN,3.8380637318784796,0.0,NaN,NaN,0.0,NaN,NaN,0.0,0.0,NaN,NaN,0.0,0.0,0.0,NaN,NaN,NaN,NaN,0.0,0.0,NaN,14.925585888802573,NaN,0.0,NaN,0.0,NaN,0.0,NaN,0.0,0.0,NaN,-0.053045457803621965,0.0,0.0,3.8480869294721014,0.0,0.15729939427278752,0.049727778001467805,0.0,0.017134700969680804,NaN,0.0,NaN,NaN,NaN,5.0958494415993565,1.5469187846289334,-5.508000636400068,1.5242655084408907,NaN,-0.7023482895450782,0.0,NaN,0.0,NaN,NaN,NaN,0.0,NaN,0.0,NaN,0.0,0.0,0.0,0.0,NaN,0.0,0.0,0.0,0.0,NaN,0.0,0.0,0.0,0.0,0.0,0.0,0.0,0.0,0.0,NaN,0.0,NaN,NaN,0.0,0.0,0.0,0.0,NaN,NaN,NaN,NaN,0.0,NaN,NaN,NaN,0.0,0.0,0.0,NaN,0.0,NaN,0.0,0.0,0.0,NaN,0.0,NaN,0.0,NaN,0.0,NaN,NaN,NaN,NaN,NaN,0.0,0.0,0.0,NaN,0.0,0.0,NaN,0.0,NaN,0.0,0.0,0.0,NaN,0.0,0.0,0.0,0.4968876007600336,4.0,0.0,NaN,6.0,6.994946700987811,1.0,2.0,NaN,NaN,NaN,0.0,0.0,0.0,NaN,NaN,0.0,0.0,0.0,0.0,0.0,NaN,0.0,NaN,0.0,NaN,0.0,NaN,0.0,0.0,0.0,0.0,0.0,NaN,0.0,0.0,NaN,0.0,NaN,0.0,NaN,0.0,0.0,0.0,NaN,0.0,0.0,NaN,NaN,NaN,NaN,0.0,NaN,0.0,NaN,NaN,NaN,0.0,0.0,NaN,NaN,0.0,0.0,0.0,0.0,0.0,NaN,NaN,0.0,NaN,NaN,0.0,NaN,0.0,0.0,0.0,0.0,0.0,NaN,0.0,4.055477748443569,0.0,0.0,NaN,NaN,NaN,4.39162379690026,0.0,0.02790076189785414,NaN,-0.9908326542045622,NaN,0.0,0.0,0.0,0.0,0.0,NaN,NaN,NaN,NaN,0.0,0.0,NaN,0.0,0.02460807385581028,NaN,0.0,NaN,0.0,0.0,0.0,0.0,0.0,0.0,Trapaf
NaN,NaN,NaN,0.0,0.0,NaN,NaN,NaN,NaN,NaN,NaN,0.0,0.0,0.0,0.0,NaN,0.0,NaN,0.0,NaN,0.0,0.0,NaN,0.0,NaN,NaN,0.0,NaN,0.0,NaN,20,NaN,NaN,0.0,NaN,0.0,NaN,NaN,11,0.0,0.0,NaN,NaN,NaN,0.0,0.0,0.0,0.0,0.0,NaN,NaN,NaN,0.0,0.0,NaN,NaN,0.0,NaN,0.0,0.0,NaN,NaN,0.0,NaN,0.0,0.0,NaN,NaN,NaN,0.0,0.0,NaN,0.0,NaN,0.0,NaN,NaN,0.0,NaN,NaN,NaN,NaN,NaN,0.0,NaN,0.0,0.0,0.0,0.0,NaN,0.0,0.966705152,NaN,0.0,NaN,0.018357995848587976,0.07001900462066817,0.19416217599551097,0.0,0.0,0.0,NaN,0.0024190025360775426,NaN,NaN,0.0,0.658214494709085,0.0,NaN,0.04010678642370479,NaN,NaN,0.0158692820559802,8.512578103853005E-4,0.0,NaN,NaN,0.0,NaN,0.0,0.0,0.0,NaN,NaN,NaN,NaN,NaN,NaN,NaN,0.0,NaN,0.0,0.0,NaN,0.0,0.0,NaN,NaN,0.0,NaN,NaN,NaN,0.0,NaN,NaN,0.0,NaN,1.0067114093959733,0.0,4.026845637583893,NaN,0.0,0.0,0.02499019118133791,0.0,NaN,0.0,NaN,0.0,NaN,NaN,NaN,NaN,NaN,NaN,NaN,NaN,0.0,0.0,0.0,NaN,3.902708227660657,0.0,0.9999999999999998,0.9816420041514118,0.0,0.0,0.0,0.059246328826147845,0.019139542402443043,0.9116229995307438,NaN,NaN,0.7174608235352328,0.0024190025360775426,0.0,0.0032702603464628433,NaN,15.841255378860918,0.0,NaN,NaN,0.0,NaN,0.0,NaN,NaN,11,NaN,NaN,0.0,NaN,NaN,0.0,NaN,NaN,0.0,NaN,NaN,0.0,NaN,0.0,0.0,NaN,NaN,0.0,0.0,0.0,0.0,2.0134228187919465,NaN,0.0,-0.06859352556154744,0.0,NaN,0.0,0.0,0.0,0.0,NaN,NaN,0.039600865174268925,NaN,NaN,0.0,NaN,NaN,NaN,NaN,NaN,0.0,0.0,0.0,NaN,NaN,NaN,NaN,NaN,NaN,NaN,1.6411299331628484,0.0,0.0,0.0,0.0,0.0,0.0,NaN,NaN,NaN,NaN,0.0,0.0,NaN,NaN,NaN,NaN,NaN,0.0,NaN,0.0,0.0,0.0,0.0,0.0,NaN,0.0,0.0,NaN,NaN,NaN,NaN,NaN,0.0,0.0,0.0,0.0,NaN,0.0,NaN,0.0,0.0,0.0,NaN,6.862737199084061,0.0,NaN,NaN,0.0,NaN,NaN,0.0,0.0,NaN,NaN,0.0,0.0,0.0,NaN,NaN,NaN,NaN,0.0,0.0,NaN,15.130477379643546,NaN,0.0,NaN,0.0,NaN,0.0,NaN,0.0,0.0,NaN,-0.2966514526905528,0.0,0.0,-0.04137957972444489,0.0,-0.011276894407017804,-0.003794055237966571,0.0,0.0,NaN,0.0,NaN,NaN,NaN,2.2562746528826407,-1.338456797063794,0.769348746668503,0.2205242280513673,NaN,4.063633651664233,0.0,NaN,0.0,NaN,NaN,NaN,0.0,NaN,0.0,NaN,0.0,0.0,0.0,0.0,NaN,0.0,0.0,0.0,0.0,NaN,0.0,0.0,0.0,0.0,0.0,0.0,0.0,0.0,0.0,NaN,0.0,NaN,NaN,0.0,0.0,0.0,0.0,NaN,NaN,NaN,NaN,0.0,NaN,NaN,NaN,0.0,0.0,0.0,NaN,0.0,NaN,0.0,0.0,0.0,NaN,0.0,NaN,0.0,NaN,0.0,NaN,NaN,NaN,NaN,NaN,0.0,0.0,0.0,NaN,0.0,0.0,NaN,0.0,NaN,0.0,0.0,0.0,NaN,0.0,0.0,0.0,0.5736129805598867,0.0,0.0,NaN,0.0,7.549590706179515,4.026845637583893,0.0,NaN,NaN,NaN,0.0,0.0,0.0,NaN,NaN,0.0,0.0,0.0,0.0,0.0,NaN,0.0,NaN,0.0,NaN,0.0,NaN,0.0,0.0,0.0,0.0,0.0,NaN,0.0,0.0,NaN,0.0,NaN,0.0,NaN,0.0,0.0,0.0,NaN,0.0,0.0,NaN,NaN,NaN,NaN,0.0,NaN,0.0,NaN,NaN,NaN,0.0,0.0,NaN,NaN,0.0,0.0,0.0,0.0,0.0,NaN,NaN,0.0,NaN,NaN,0.0,NaN,0.0,0.0,0.0,0.0,0.0,NaN,0.0,4.505189300951529,0.0,0.0,NaN,NaN,NaN,7.841484826311005,0.0,0.0,NaN,-0.9090199307740559,NaN,0.0,0.0,0.0,0.0,0.0,NaN,NaN,NaN,NaN,0.0,0.0,NaN,0.0,0.018042197074689213,NaN,0.0,NaN,0.0,0.0,0.0,0.0,0.0,0.0,Trapaf
NaN,NaN,NaN,0.0,0.0,NaN,NaN,NaN,NaN,NaN,NaN,0.0,0.0,0.0,0.0,NaN,0.0,NaN,0.0,NaN,0.0,0.0,NaN,0.0,NaN,NaN,0.0,NaN,0.0,NaN,16,NaN,NaN,0.0,NaN,0.0,NaN,NaN,15,0.0,0.0,NaN,NaN,NaN,0.0,0.0,0.0,0.0,0.0,NaN,NaN,NaN,0.0,0.0,NaN,NaN,0.0,NaN,0.0,0.0,NaN,NaN,0.0,NaN,0.0,0.0,NaN,NaN,NaN,0.0,0.0,NaN,0.0,NaN,0.0,NaN,NaN,0.0,NaN,NaN,NaN,NaN,NaN,0.0,NaN,0.0,0.0,0.0,0.0,NaN,0.0,0.9466451626666667,NaN,0.0,NaN,0.022309714178362666,0.0844777371059674,0.24311665275944105,0.0,0.0,0.0,NaN,0.01273926094302039,NaN,NaN,0.0,0.43339427954029974,0.0,NaN,0.17538417873933904,NaN,NaN,0.013072900413707263,0.015505276319862382,0.0,NaN,NaN,0.0,NaN,0.0,0.0,0.0,NaN,NaN,NaN,NaN,NaN,NaN,NaN,0.0,NaN,0.0,0.0,NaN,0.0,0.0,NaN,NaN,0.0,NaN,NaN,NaN,0.0,NaN,NaN,0.0,NaN,1.7676767676767677,0.0,2.7777777777777777,NaN,0.0,0.0,0.030438721383187897,0.0,NaN,0.0,NaN,0.0,NaN,NaN,NaN,NaN,NaN,NaN,NaN,NaN,0.0,0.0,0.0,NaN,2.8205731995811165,0.0,1.0,0.9776902858216373,0.0,0.0,0.0,0.21670161641592908,0.04131743767659003,0.8932125487156699,NaN,NaN,0.6500958959562289,0.01273926094302039,0.0,0.028244537262882775,NaN,8.971666064140381,0.0,NaN,NaN,0.0,NaN,0.0,NaN,NaN,15,NaN,NaN,0.0,NaN,NaN,0.0,NaN,NaN,0.0,NaN,NaN,0.0,NaN,0.0,0.0,NaN,NaN,0.0,0.0,0.0,2.7777777777777777,1.7676767676767677,NaN,0.0,0.03681170311624946,0.0,NaN,0.0,0.0,0.0,0.0,NaN,NaN,0.034663314631642454,NaN,NaN,0.0,NaN,NaN,NaN,NaN,NaN,0.0,0.0,0.0,NaN,NaN,NaN,NaN,NaN,NaN,NaN,1.5647310694531456,0.0,0.0,0.0,0.0,0.0,0.0,NaN,NaN,NaN,NaN,0.0,0.0,NaN,NaN,NaN,NaN,NaN,0.0,NaN,0.0,0.0,0.0,0.0,0.0,NaN,0.0,0.0,NaN,NaN,NaN,NaN,NaN,0.0,0.0,0.0,0.0,NaN,0.0,NaN,0.0,0.0,0.0,NaN,7.516140806735805,0.0,NaN,NaN,0.0,NaN,NaN,0.0,0.0,NaN,NaN,0.0,0.0,0.0,NaN,NaN,NaN,NaN,0.0,0.0,NaN,7.9166547540502705,NaN,0.0,NaN,0.0,NaN,0.0,NaN,0.0,0.0,NaN,-0.005499381457230828,0.0,0.0,0.13912676937785423,0.0,0.036479391782440945,0.012146359226663104,0.0,0.0,NaN,0.0,NaN,NaN,NaN,3.5688131728759265,-3.9372360380879003,-2.0213245691854707,3.141572392719013,NaN,-1.0642424378698363,0.0,NaN,0.0,NaN,NaN,NaN,0.0,NaN,0.0,NaN,0.0,0.0,0.0,0.0,NaN,0.0,0.0,0.0,0.0,NaN,0.0,0.0,0.0,0.0,0.0,0.0,0.0,0.0,0.0,NaN,0.0,NaN,NaN,0.0,0.0,0.0,0.0,NaN,NaN,NaN,NaN,0.0,NaN,NaN,NaN,0.0,0.0,0.0,NaN,0.0,NaN,0.0,0.0,0.0,NaN,0.0,NaN,0.0,NaN,0.0,NaN,NaN,NaN,NaN,NaN,0.0,0.0,0.0,NaN,0.0,0.0,NaN,0.0,NaN,0.0,0.0,0.0,NaN,0.0,0.0,0.0,0.9347724589140158,3.787878787878788,0.0,NaN,5.555555555555555,3.9282034862121185,1.7676767676767677,2.7777777777777777,NaN,NaN,NaN,0.0,0.0,0.0,NaN,NaN,0.0,0.0,0.0,0.0,0.0,NaN,0.0,NaN,0.0,NaN,0.0,NaN,0.0,0.0,0.0,0.0,0.0,NaN,0.0,0.0,NaN,0.0,NaN,0.0,NaN,0.0,0.0,0.0,NaN,0.0,0.0,NaN,NaN,NaN,NaN,0.0,NaN,0.0,NaN,NaN,NaN,0.0,0.0,NaN,NaN,0.0,0.0,0.0,0.0,0.0,NaN,NaN,0.0,NaN,NaN,0.0,NaN,0.0,0.0,0.0,0.0,0.0,NaN,0.0,3.5376029289877593,0.0,0.0,NaN,NaN,NaN,7.033997476522733,0.0,0.1942322223268136,NaN,-0.7418980373382067,NaN,0.0,0.0,0.0,0.0,0.0,NaN,NaN,NaN,NaN,0.0,0.0,NaN,0.0,0.022167139632466543,NaN,0.0,NaN,0.0,0.0,0.0,0.0,0.0,0.0,Trapaf
NaN,NaN,NaN,0.0,0.0,NaN,NaN,NaN,NaN,NaN,NaN,0.0,0.0,0.0,0.0,NaN,0.0,NaN,0.0,NaN,0.0,0.0,NaN,0.0,NaN,NaN,0.0,NaN,0.0,NaN,30,NaN,NaN,0.0,NaN,0.0,NaN,NaN,19,0.0,0.0,NaN,NaN,NaN,0.0,0.0,0.0,0.0,0.0,NaN,NaN,NaN,0.0,0.0,NaN,NaN,0.0,NaN,0.0,0.0,NaN,NaN,0.0,NaN,0.0,0.0,NaN,NaN,NaN,0.0,0.0,NaN,0.0,NaN,0.0,NaN,NaN,0.0,NaN,NaN,NaN,NaN,NaN,0.0,NaN,0.0,0.0,0.0,0.0,NaN,0.0,0.916427584,NaN,0.0,NaN,0.017600885706614222,0.06743257362614231,0.24787561082828935,0.0,0.0,0.0,NaN,0.0076194601010323324,NaN,NaN,0.0,0.34430994685270844,0.0,NaN,0.2518659038742025,NaN,NaN,0.03419458132922659,0.02910103768178434,0.0,NaN,NaN,0.0,NaN,0.0,0.0,0.0,NaN,NaN,NaN,NaN,NaN,NaN,NaN,0.0,NaN,0.0,0.0,NaN,0.0,0.0,NaN,NaN,0.0,NaN,NaN,NaN,0.0,NaN,NaN,0.0,NaN,1.0080645161290323,3.024193548387097,2.0161290322580645,NaN,0.0,0.0,0.027133985809838383,0.0,NaN,0.0,NaN,0.0,NaN,NaN,NaN,NaN,NaN,NaN,NaN,NaN,4.032258064516129,0.0,0.0,NaN,3.4059791944150457,0.0,1.0000000000000002,0.9823991142933859,0.0,0.0,0.0,0.3227809829862458,0.07091507911204327,0.9149665406672435,NaN,NaN,0.6670909298389541,0.0076194601010323324,0.0,0.03672049778281667,NaN,10.20880550066885,0.0,NaN,NaN,0.0,NaN,0.0,NaN,NaN,19,NaN,NaN,0.0,NaN,NaN,0.0,NaN,NaN,0.0,NaN,NaN,0.0,NaN,0.0,0.0,NaN,NaN,0.0,0.0,0.0,3.024193548387097,2.0161290322580645,NaN,0.0,0.04400260131239948,0.0,NaN,0.0,0.0,0.0,0.0,NaN,NaN,0.1289907887608362,NaN,NaN,0.0,NaN,NaN,NaN,NaN,NaN,0.0,0.0,0.0,NaN,NaN,NaN,NaN,NaN,NaN,NaN,1.3065259181037014,0.0,0.0,0.0,0.0,0.0,0.0,NaN,NaN,NaN,NaN,0.0,0.0,NaN,NaN,NaN,NaN,NaN,0.0,NaN,0.0,0.0,0.0,0.0,0.0,NaN,0.0,0.0,NaN,NaN,NaN,NaN,NaN,0.0,0.0,0.0,0.0,NaN,0.0,NaN,0.0,0.0,0.0,NaN,5.714396557657157,0.0,NaN,NaN,0.0,NaN,NaN,0.0,0.0,NaN,NaN,0.0,0.0,0.0,NaN,NaN,NaN,NaN,0.0,0.0,NaN,11.570555903337866,NaN,0.0,NaN,0.0,NaN,0.0,NaN,0.0,0.0,NaN,-0.2758680238247232,0.0,0.0,-0.06641207681783134,0.0,-0.0190824480127859,-0.0064166136004668115,0.0,0.0,NaN,0.0,NaN,NaN,NaN,3.2175950323318916,6.288159089703852,-0.6273217272131459,0.16938410323397513,NaN,-1.0757324307298148,0.0,NaN,0.0,NaN,NaN,NaN,0.0,NaN,0.0,NaN,0.0,0.0,0.0,0.0,NaN,0.0,0.0,0.0,0.0,NaN,0.0,0.0,0.0,0.0,0.0,0.0,0.0,0.0,0.0,NaN,0.0,NaN,NaN,0.0,0.0,0.0,0.0,NaN,NaN,NaN,NaN,0.0,NaN,NaN,NaN,0.0,0.0,0.0,NaN,0.0,NaN,0.0,0.0,0.0,NaN,0.0,NaN,0.0,NaN,0.0,NaN,NaN,NaN,NaN,NaN,0.0,0.0,0.0,NaN,0.0,0.0,NaN,0.0,NaN,0.0,0.0,0.0,NaN,0.0,0.0,0.0,0.5061130604721066,3.024193548387097,0.0,NaN,4.032258064516129,4.820348829575455,1.0080645161290323,2.0161290322580645,NaN,NaN,NaN,0.0,0.0,0.0,NaN,NaN,0.0,0.0,0.0,0.0,0.0,NaN,0.0,NaN,0.0,NaN,0.0,NaN,0.0,0.0,0.0,0.0,0.0,NaN,0.0,0.0,NaN,0.0,NaN,0.0,NaN,0.0,0.0,0.0,NaN,0.0,0.0,NaN,NaN,NaN,NaN,0.0,NaN,0.0,NaN,NaN,NaN,0.0,0.0,NaN,NaN,0.0,0.0,0.0,0.0,0.0,NaN,NaN,0.0,NaN,NaN,0.0,NaN,0.0,0.0,0.0,0.0,0.0,NaN,0.0,4.07471337500826,0.0,0.0,NaN,NaN,NaN,6.7328600550734325,0.0,0.2221346155730612,NaN,-1.245993461705288,NaN,0.0,0.0,0.0,0.0,0.0,NaN,NaN,NaN,NaN,0.0,0.0,NaN,0.0,0.019153392276042888,NaN,0.0,NaN,0.0,0.0,0.0,0.0,0.0,0.0,Trapaf
NaN,NaN,NaN,0.0,0.0,NaN,NaN,NaN,NaN,NaN,NaN,0.0,0.0,0.0,0.0,NaN,0.0,NaN,0.0,NaN,0.0,0.0,NaN,0.0,NaN,NaN,0.0,NaN,0.0,NaN,32,NaN,NaN,0.0,NaN,0.0,NaN,NaN,19,0.0,0.0,NaN,NaN,NaN,0.0,0.0,0.0,0.0,0.0,NaN,NaN,NaN,0.0,0.0,NaN,NaN,0.0,NaN,0.0,0.0,NaN,NaN,0.0,NaN,0.0,0.0,NaN,NaN,NaN,0.0,0.0,NaN,0.0,NaN,0.0,NaN,NaN,0.0,NaN,NaN,NaN,NaN,NaN,0.0,NaN,0.0,0.0,0.0,0.0,NaN,0.0,0.997833252,NaN,0.0,NaN,0.016101128142807845,0.06175416245975571,0.16345190183379507,0.0,0.0,0.0,NaN,5.794079416490905E-6,NaN,NaN,0.0,0.5570206984362106,0.0,NaN,0.17096580732679362,NaN,NaN,0.00334368134360732,0.027356826377613355,0.0,NaN,NaN,0.0,NaN,0.0,0.0,0.0,NaN,NaN,NaN,NaN,NaN,NaN,NaN,0.0,NaN,0.0,0.0,NaN,0.0,0.0,NaN,NaN,0.0,NaN,NaN,NaN,0.0,NaN,NaN,0.0,NaN,0.9960159362549801,5.378486055776892,4.382470119521912,NaN,0.0,0.0,0.027468965126451497,0.0,NaN,0.0,NaN,0.0,NaN,NaN,NaN,NaN,NaN,NaN,NaN,NaN,0.0,0.0,0.0,NaN,4.028170474811148,0.0,0.9999999999999998,0.983898871857192,0.0,0.0,0.0,0.20167210912743078,0.030706301800637166,0.9221447093974364,NaN,NaN,0.7586928075636413,5.794079416490905E-6,0.0,0.027362620457029842,NaN,17.42786756942447,0.0,NaN,NaN,0.0,NaN,0.0,NaN,NaN,19,NaN,NaN,0.0,NaN,NaN,0.0,NaN,NaN,0.0,NaN,NaN,0.0,NaN,0.0,0.0,NaN,NaN,0.0,0.0,0.0,2.9880478087649402,1.9920318725099602,NaN,0.0,0.24378418467233254,0.0,NaN,0.0,0.0,0.0,0.0,NaN,NaN,0.06491845360015429,NaN,NaN,0.0,NaN,NaN,NaN,NaN,NaN,0.0,0.0,0.0,NaN,NaN,NaN,NaN,NaN,NaN,NaN,1.8295120049695999,0.0,0.0,0.0,0.0,0.0,0.0,NaN,NaN,NaN,NaN,0.0,0.0,NaN,NaN,NaN,NaN,NaN,0.0,NaN,0.0,0.0,0.0,0.0,0.0,NaN,0.0,0.0,NaN,NaN,NaN,NaN,NaN,0.0,0.0,0.0,0.0,NaN,0.0,NaN,0.0,0.0,0.0,NaN,3.1240110685048617,0.0,NaN,NaN,0.0,NaN,NaN,0.0,0.0,NaN,NaN,0.0,0.0,0.0,NaN,NaN,NaN,NaN,0.0,0.0,NaN,16.16572573444279,NaN,0.0,NaN,0.0,NaN,0.0,NaN,0.0,0.0,NaN,-0.083142913112174,0.0,0.0,-0.23131921784309983,0.0,-0.08477152950152743,-0.030124435872299404,0.0,0.0,NaN,0.0,NaN,NaN,NaN,0.11709903569080149,-8.04625800068019,-0.14580447570549937,-1.2929436009934498,NaN,2.046900462848756,0.0,NaN,0.0,NaN,NaN,NaN,0.0,NaN,0.0,NaN,0.0,0.0,0.0,0.0,NaN,0.0,0.0,0.0,0.0,NaN,0.0,0.0,0.0,0.0,0.0,0.0,0.0,0.0,0.0,NaN,0.0,NaN,NaN,0.0,0.0,0.0,0.0,NaN,NaN,NaN,NaN,0.0,NaN,NaN,NaN,0.0,0.0,0.0,NaN,0.0,NaN,0.0,0.0,0.0,NaN,0.0,NaN,0.0,NaN,0.0,NaN,NaN,NaN,NaN,NaN,0.0,0.0,0.0,NaN,0.0,0.0,NaN,0.0,NaN,0.0,0.0,0.0,NaN,0.0,0.0,0.0,0.7044406519222594,2.9880478087649402,0.0,NaN,3.9840637450199203,7.43786933624304,0.9960159362549801,1.9920318725099602,NaN,NaN,NaN,0.0,0.0,0.0,NaN,NaN,0.0,0.0,0.0,0.0,0.0,NaN,0.0,NaN,0.0,NaN,0.0,NaN,0.0,0.0,0.0,0.0,0.0,NaN,0.0,0.0,NaN,0.0,NaN,0.0,NaN,0.0,0.0,0.0,NaN,0.0,0.0,NaN,NaN,NaN,NaN,0.0,NaN,0.0,NaN,NaN,NaN,0.0,0.0,NaN,NaN,0.0,0.0,0.0,0.0,0.0,NaN,NaN,0.0,NaN,NaN,0.0,NaN,0.0,0.0,0.0,0.0,0.0,NaN,0.0,4.197641062656868,0.0,0.0,NaN,NaN,NaN,4.78824381654783,0.0,0.07240251507321205,NaN,-0.8288700335058956,NaN,0.0,0.0,0.0,0.0,0.0,NaN,NaN,NaN,NaN,0.0,0.0,NaN,0.0,0.020496057948236883,NaN,0.0,NaN,0.0,0.0,0.0,0.0,0.0,0.0,Trapaf
NaN,NaN,NaN,0.0,0.0,NaN,NaN,NaN,NaN,NaN,NaN,0.0,0.0,0.0,0.0,NaN,0.0,NaN,0.0,NaN,0.0,0.0,NaN,0.0,NaN,NaN,0.0,NaN,0.0,NaN,40,NaN,NaN,0.0,NaN,0.0,NaN,NaN,23,0.0,0.0,NaN,NaN,NaN,0.0,0.0,0.0,0.0,0.0,NaN,NaN,NaN,0.0,0.0,NaN,NaN,0.0,NaN,0.0,0.0,NaN,NaN,0.0,NaN,0.0,0.0,NaN,NaN,NaN,0.0,0.0,NaN,0.0,NaN,0.0,NaN,NaN,0.0,NaN,NaN,NaN,NaN,NaN,0.0,NaN,0.0,0.0,0.0,0.0,NaN,0.0,1.03761291525,NaN,0.018075878996951754,NaN,0.06884427441703239,0.24328526238631867,0.4293359221410636,0.0,0.0,0.0,NaN,8.321496248629594E-4,NaN,NaN,0.0,0.19749736291998182,0.0,NaN,0.024748007092781736,NaN,NaN,0.014097245867857319,0.0032838965531497614,0.0,NaN,NaN,0.0,NaN,0.0,0.0,0.0,NaN,NaN,NaN,NaN,NaN,NaN,NaN,0.0,NaN,0.0,0.0,NaN,0.0,0.0,NaN,NaN,0.0,NaN,NaN,NaN,0.0,NaN,NaN,0.0,NaN,1.0033444816053512,2.842809364548495,2.0066889632107023,NaN,0.0,0.0,0.02486268728040163,0.0,NaN,0.0,NaN,0.0,NaN,NaN,NaN,NaN,NaN,NaN,NaN,NaN,3.8461538461538463,0.0,0.0,NaN,4.01593579858205,0.0,0.9819241210030483,0.9130798465860158,0.0,0.0,1.0,0.04296129913865177,0.01821329204587004,0.6697945841996972,NaN,NaN,0.24045866205863362,8.321496248629594E-4,0.0,0.004116046178012721,NaN,16.45507138550358,0.0,NaN,NaN,0.0,NaN,0.0,NaN,NaN,23,NaN,NaN,0.0,NaN,NaN,0.0,NaN,NaN,0.0,NaN,NaN,0.0,NaN,0.0,0.0,NaN,NaN,0.0,0.0,0.0,3.0100334448160537,2.0066889632107023,NaN,0.0,0.10474158609233722,0.0,NaN,0.0,0.0,0.0,0.0,NaN,NaN,0.26468616980362986,NaN,NaN,0.0,NaN,NaN,NaN,NaN,NaN,0.0,0.0,0.0,NaN,NaN,NaN,NaN,NaN,NaN,NaN,1.8293470849828513,0.0,0.0,0.0,0.0,0.0,0.0,NaN,NaN,NaN,NaN,0.0,0.0,NaN,NaN,NaN,NaN,NaN,0.0,NaN,0.0,0.0,0.0,0.0,0.0,NaN,0.0,0.0,NaN,NaN,NaN,NaN,NaN,0.0,0.0,0.0,0.0,NaN,0.0,NaN,0.0,0.0,0.0,NaN,2.845132373338659,0.0,NaN,NaN,0.0,NaN,NaN,0.0,0.0,NaN,NaN,0.0,0.0,0.0,NaN,NaN,NaN,NaN,0.0,0.0,NaN,16.143860175920743,NaN,0.0,NaN,0.0,NaN,0.0,NaN,0.0,0.0,NaN,-0.22013699819857538,0.0,0.0,0.09497314074684571,0.0,0.06243780982339783,0.02401149622868399,0.0,0.008590348616801139,NaN,0.0,NaN,NaN,NaN,1.8917216833454626,3.757952314238694,5.478496503702949,-0.22788522124043697,NaN,-1.1416037249171707,0.0,NaN,0.0,NaN,NaN,NaN,0.0,NaN,0.0,NaN,0.0,0.0,0.0,0.0,NaN,0.0,0.0,0.0,0.0,NaN,0.0,0.0,0.0,0.0,0.0,0.0,0.0,0.0,0.0,NaN,0.0,NaN,NaN,0.0,0.0,0.0,0.0,NaN,NaN,NaN,NaN,0.0,NaN,NaN,NaN,0.0,0.0,0.0,NaN,0.0,NaN,0.0,0.0,0.0,NaN,0.0,NaN,0.0,NaN,0.0,NaN,NaN,NaN,NaN,NaN,0.0,0.0,0.0,NaN,0.0,0.0,NaN,0.0,NaN,0.0,0.0,0.0,NaN,0.0,0.0,0.0,0.5110132930013361,4.849498327759197,0.0,NaN,5.852842809364549,7.36251599660248,1.839464882943144,2.842809364548495,NaN,NaN,NaN,0.0,0.0,0.0,NaN,NaN,0.0,0.0,0.0,0.0,0.0,NaN,0.0,NaN,0.0,NaN,0.0,NaN,0.0,0.0,0.0,0.0,0.0,NaN,0.0,0.0,NaN,0.0,NaN,0.0,NaN,0.0,0.0,0.0,NaN,0.0,0.0,NaN,NaN,NaN,NaN,0.0,NaN,0.0,NaN,NaN,NaN,0.0,0.0,NaN,NaN,0.0,0.0,0.0,0.0,0.0,NaN,NaN,0.0,NaN,NaN,0.0,NaN,0.0,0.0,0.0,0.0,0.0,NaN,0.0,4.047633192564225,0.0,0.0,NaN,NaN,NaN,3.5747926992921655,0.0,0.019293426201375696,NaN,-0.953705690669644,NaN,0.0,0.0,0.0,0.0,0.0,NaN,NaN,NaN,NaN,0.0,0.0,NaN,0.0,0.019076813660802473,NaN,0.0,NaN,0.0,0.0,0.0,0.0,0.0,0.0,Trapaf
NaN,NaN,NaN,0.0,0.0,NaN,NaN,NaN,NaN,NaN,NaN,0.0,0.0,0.0,0.0,NaN,0.0,NaN,0.0,NaN,0.0,0.0,NaN,0.0,NaN,NaN,0.0,NaN,0.0,NaN,20,NaN,NaN,0.0,NaN,0.0,NaN,NaN,12,0.0,0.0,NaN,NaN,NaN,0.0,0.0,0.0,0.0,0.0,NaN,NaN,NaN,0.0,0.0,NaN,NaN,0.0,NaN,0.0,0.0,NaN,NaN,0.0,NaN,0.0,0.0,NaN,NaN,NaN,0.0,0.0,NaN,0.0,NaN,0.0,NaN,NaN,0.0,NaN,NaN,NaN,NaN,NaN,0.0,NaN,0.0,0.0,0.0,0.0,NaN,0.0,1.05758667,NaN,0.0,NaN,0.016920131650899846,0.06482411678220058,0.24752189835210706,0.0,0.0,0.0,NaN,1.5451156530272049E-4,NaN,NaN,0.0,0.4220617917024159,0.0,NaN,0.22429852445778972,NaN,NaN,0.007218391032356505,0.017000634456927493,0.0,NaN,NaN,0.0,NaN,0.0,0.0,0.0,NaN,NaN,NaN,NaN,NaN,NaN,NaN,0.0,NaN,0.0,0.0,NaN,0.0,0.0,NaN,NaN,0.0,NaN,NaN,NaN,0.0,NaN,NaN,0.0,NaN,1.0,0.0,4.0,NaN,0.0,0.0,0.026206697152769163,0.0,NaN,0.0,NaN,0.0,NaN,NaN,NaN,NaN,NaN,NaN,NaN,NaN,0.0,0.0,0.0,NaN,3.920544089412387,0.0,0.9999999999999998,0.9830798683491,0.0,0.0,0.0,0.24867206151237647,0.024373537054586718,0.9182557515668994,NaN,NaN,0.6707338532147923,1.5451156530272049E-4,0.0,0.017155146022230214,NaN,14.90668847988375,0.0,NaN,NaN,0.0,NaN,0.0,NaN,NaN,12,NaN,NaN,0.0,NaN,NaN,0.0,NaN,NaN,0.0,NaN,NaN,0.0,NaN,0.0,0.0,NaN,NaN,0.0,0.0,0.0,0.0,2.0,NaN,0.0,0.2143442493538566,0.0,NaN,0.0,0.0,0.0,0.0,NaN,NaN,0.06052721291169397,NaN,NaN,0.0,NaN,NaN,NaN,NaN,NaN,0.0,0.0,0.0,NaN,NaN,NaN,NaN,NaN,NaN,NaN,1.6844797680453187,0.0,0.0,0.0,0.0,0.0,0.0,NaN,NaN,NaN,NaN,0.0,0.0,NaN,NaN,NaN,NaN,NaN,0.0,NaN,0.0,0.0,0.0,0.0,0.0,NaN,0.0,0.0,NaN,NaN,NaN,NaN,NaN,0.0,0.0,0.0,0.0,NaN,0.0,NaN,0.0,0.0,0.0,NaN,3.3249386833971344,0.0,NaN,NaN,0.0,NaN,NaN,0.0,0.0,NaN,NaN,0.0,0.0,0.0,NaN,NaN,NaN,NaN,0.0,0.0,NaN,15.271858394149076,NaN,0.0,NaN,0.0,NaN,0.0,NaN,0.0,0.0,NaN,-0.12903690267816134,0.0,0.0,-0.045876294874366674,0.0,-0.021147050385417906,-0.007779424565699052,0.0,0.0,NaN,0.0,NaN,NaN,NaN,0.5691854102141325,-5.970432984856616,1.0642077511918568,-0.35237196348240596,NaN,1.9945616425952402,0.0,NaN,0.0,NaN,NaN,NaN,0.0,NaN,0.0,NaN,0.0,0.0,0.0,0.0,NaN,0.0,0.0,0.0,0.0,NaN,0.0,0.0,0.0,0.0,0.0,0.0,0.0,0.0,0.0,NaN,0.0,NaN,NaN,0.0,0.0,0.0,0.0,NaN,NaN,NaN,NaN,0.0,NaN,NaN,NaN,0.0,0.0,0.0,NaN,0.0,NaN,0.0,0.0,0.0,NaN,0.0,NaN,0.0,NaN,0.0,NaN,NaN,NaN,NaN,NaN,0.0,0.0,0.0,NaN,0.0,0.0,NaN,0.0,NaN,0.0,0.0,0.0,NaN,0.0,0.0,0.0,0.49820066055932855,6.0,0.0,NaN,0.0,6.920675832299102,1.6666666666666667,3.0,NaN,NaN,NaN,0.0,0.0,0.0,NaN,NaN,0.0,0.0,0.0,0.0,0.0,NaN,0.0,NaN,0.0,NaN,0.0,NaN,0.0,0.0,0.0,0.0,0.0,NaN,0.0,0.0,NaN,0.0,NaN,0.0,NaN,0.0,0.0,0.0,NaN,0.0,0.0,NaN,NaN,NaN,NaN,0.0,NaN,0.0,NaN,NaN,NaN,0.0,0.0,NaN,NaN,0.0,0.0,0.0,0.0,0.0,NaN,NaN,0.0,NaN,NaN,0.0,NaN,0.0,0.0,0.0,0.0,0.0,NaN,0.0,4.120206655321162,0.0,0.0,NaN,NaN,NaN,4.522800096764714,0.0,0.0,NaN,-1.0437930518112806,NaN,0.0,0.0,0.0,0.0,0.0,NaN,NaN,NaN,NaN,0.0,0.0,NaN,0.0,0.019087858561462837,NaN,0.0,NaN,0.0,0.0,0.0,0.0,0.0,0.0,Trapaf
NaN,NaN,NaN,0.0,0.0,NaN,NaN,NaN,NaN,NaN,NaN,0.0,0.0,0.0,0.0,NaN,0.0,NaN,0.0,NaN,0.0,0.0,NaN,0.0,NaN,NaN,0.0,NaN,0.0,NaN,33,NaN,NaN,0.0,NaN,0.0,NaN,NaN,23,0.0,0.0,NaN,NaN,NaN,0.0,0.0,0.0,0.0,0.0,NaN,NaN,NaN,0.0,0.0,NaN,NaN,0.0,NaN,0.0,0.0,NaN,NaN,0.0,NaN,0.0,0.0,NaN,NaN,NaN,0.0,0.0,NaN,0.0,NaN,0.0,NaN,NaN,0.0,NaN,NaN,NaN,NaN,NaN,0.0,NaN,0.0,0.0,0.0,0.0,NaN,0.0,0.916435264,NaN,0.01973750855920382,NaN,0.07431714396481771,0.30924411982221034,0.27065615171095264,0.0,0.0,0.0,NaN,1.450075715386559E-4,NaN,NaN,0.0,0.2586391127779124,0.0,NaN,0.051963044116458974,NaN,NaN,0.013626377735935308,0.0016715337409703326,0.0,NaN,NaN,0.0,NaN,0.0,0.0,0.0,NaN,NaN,NaN,NaN,NaN,NaN,NaN,0.0,NaN,0.0,0.0,NaN,0.0,0.0,NaN,NaN,0.0,NaN,NaN,NaN,0.0,NaN,NaN,0.0,NaN,0.9157509157509157,2.7472527472527473,2.0146520146520146,NaN,0.0,0.0,0.03630620131366522,0.0,NaN,0.0,NaN,0.0,NaN,NaN,NaN,NaN,NaN,NaN,NaN,NaN,5.128205128205129,0.0,0.0,NaN,2.9559277107225808,0.0,0.9802624914407964,0.9059453474759785,0.0,0.0,1.0000000000000002,0.06740596316490327,0.015442919048444295,0.5967012276537682,NaN,NaN,0.3260450759428156,1.450075715386559E-4,0.0,0.0018165413125089886,NaN,8.979454714037534,0.0,NaN,NaN,0.0,NaN,0.0,NaN,NaN,23,NaN,NaN,0.0,NaN,NaN,0.0,NaN,NaN,0.0,NaN,NaN,0.0,NaN,0.0,0.0,NaN,NaN,0.0,3.663003663003663,2.93040293040293,2.0146520146520146,0.9157509157509157,NaN,0.0,0.27194102958155164,0.0,NaN,0.0,0.0,0.0,0.0,NaN,NaN,0.0037983181430528866,NaN,NaN,0.0,NaN,NaN,NaN,NaN,NaN,0.0,0.0,0.0,NaN,NaN,NaN,NaN,NaN,NaN,NaN,1.287351928366253,0.0,0.0,0.0,0.0,0.0,0.0,NaN,NaN,NaN,NaN,0.0,0.0,NaN,NaN,NaN,NaN,NaN,0.0,NaN,0.0,0.0,0.0,0.0,0.0,NaN,0.0,0.0,NaN,NaN,NaN,NaN,NaN,0.0,0.0,0.0,0.0,NaN,0.0,NaN,0.0,0.0,0.0,NaN,6.134505958085692,0.0,NaN,NaN,0.0,NaN,NaN,0.0,0.0,NaN,NaN,0.0,0.0,0.0,NaN,NaN,NaN,NaN,0.0,0.0,NaN,8.705517532117412,NaN,0.0,NaN,0.0,NaN,0.0,NaN,0.0,0.0,NaN,-0.2298631388623733,0.0,0.0,-0.944396226683956,0.0,0.08930049916084135,0.025838059041702142,0.0,0.0087694903258121,NaN,0.0,NaN,NaN,NaN,-0.568223746268102,-1.9292193673619336,3.88831921126348,0.14778582754824687,NaN,-0.012478021671445072,0.0,NaN,0.0,NaN,NaN,NaN,0.0,NaN,0.0,NaN,0.0,0.0,0.0,0.0,NaN,0.0,0.0,0.0,0.0,NaN,0.0,0.0,0.0,0.0,0.0,0.0,0.0,0.0,0.0,NaN,0.0,NaN,NaN,0.0,0.0,0.0,0.0,NaN,NaN,NaN,NaN,0.0,NaN,NaN,NaN,0.0,0.0,0.0,NaN,0.0,NaN,0.0,0.0,0.0,NaN,0.0,NaN,0.0,NaN,0.0,NaN,NaN,NaN,NaN,NaN,0.0,0.0,0.0,NaN,0.0,0.0,NaN,0.0,NaN,0.0,0.0,0.0,NaN,0.0,0.0,0.0,1.5176689130194572,2.93040293040293,0.0,NaN,4.395604395604396,4.8991597990951865,1.2820512820512822,2.0146520146520146,NaN,NaN,NaN,0.0,0.0,0.0,NaN,NaN,0.0,0.0,0.0,0.0,0.0,NaN,0.0,NaN,0.0,NaN,0.0,NaN,0.0,0.0,0.0,0.0,0.0,NaN,0.0,0.0,NaN,0.0,NaN,0.0,NaN,0.0,0.0,0.0,NaN,0.0,0.0,NaN,NaN,NaN,NaN,0.0,NaN,0.0,NaN,NaN,NaN,0.0,0.0,NaN,NaN,0.0,0.0,0.0,0.0,0.0,NaN,NaN,0.0,NaN,NaN,0.0,NaN,0.0,0.0,0.0,0.0,0.0,NaN,0.0,3.724090967444753,0.0,0.0,NaN,NaN,NaN,6.814540384804798,0.0,0.20170617799104112,NaN,-0.939993673101811,NaN,0.0,0.0,0.0,0.0,0.0,NaN,NaN,NaN,NaN,0.0,0.0,NaN,0.0,0.03189233659407223,NaN,0.0,NaN,0.0,0.0,0.0,0.0,0.0,0.0,Trapaf
NaN,NaN,NaN,0.0,0.0,NaN,NaN,NaN,NaN,NaN,NaN,0.0,0.0,0.0,0.0,NaN,0.0,NaN,0.0,NaN,0.0,0.0,NaN,0.0,NaN,NaN,0.0,NaN,0.0,NaN,20,NaN,NaN,0.0,NaN,0.0,NaN,NaN,13,0.0,0.0,NaN,NaN,NaN,0.0,0.0,0.0,0.0,0.0,NaN,NaN,NaN,0.0,0.0,NaN,NaN,0.0,NaN,0.0,0.0,NaN,NaN,0.0,NaN,0.0,0.0,NaN,NaN,NaN,0.0,0.0,NaN,0.0,NaN,0.0,NaN,NaN,0.0,NaN,NaN,NaN,NaN,NaN,0.0,NaN,0.0,0.0,0.0,0.0,NaN,0.0,0.8598022465,NaN,0.0,NaN,0.01888250152458079,0.0716199217991738,0.2330783318847387,0.0,0.0,0.0,NaN,1.2868287419039423E-5,NaN,NaN,0.0,0.4899654338368092,0.0,NaN,0.1668240844431143,NaN,NaN,0.01544487373805541,0.004171984486108722,0.0,NaN,NaN,0.0,NaN,0.0,0.0,0.0,NaN,NaN,NaN,NaN,NaN,NaN,NaN,0.0,NaN,0.0,0.0,NaN,0.0,0.0,NaN,NaN,0.0,NaN,NaN,NaN,0.0,NaN,NaN,0.0,NaN,1.0,5.666666666666667,3.6666666666666665,NaN,0.0,0.0,0.023909102499473454,0.0,NaN,0.0,NaN,0.0,NaN,NaN,NaN,NaN,NaN,NaN,NaN,NaN,0.0,0.0,0.0,NaN,3.9521263114450473,0.0,1.0,0.9811174984754192,0.0,0.0,0.0,0.18645381095469749,0.019629726511583172,0.9094975766762454,NaN,NaN,0.6764192447915067,1.2868287419039423E-5,0.0,0.004184852773527761,NaN,16.69445756976167,0.0,NaN,NaN,0.0,NaN,0.0,NaN,NaN,11,NaN,NaN,0.0,NaN,NaN,0.0,NaN,NaN,0.0,NaN,NaN,0.0,NaN,0.0,0.0,NaN,NaN,0.0,0.0,0.0,3.6666666666666665,2.0,NaN,0.0,-0.07395852404627727,0.0,NaN,0.0,0.0,0.0,0.0,NaN,NaN,-0.20469975615904712,NaN,NaN,0.0,NaN,NaN,NaN,NaN,NaN,0.0,0.0,0.0,NaN,NaN,NaN,NaN,NaN,NaN,NaN,1.8965922349910058,0.0,0.0,0.0,0.0,0.0,0.0,NaN,NaN,NaN,NaN,0.0,0.0,NaN,NaN,NaN,NaN,NaN,0.0,NaN,0.0,0.0,0.0,0.0,0.0,NaN,0.0,0.0,NaN,NaN,NaN,NaN,NaN,0.0,0.0,0.0,0.0,NaN,0.0,NaN,0.0,0.0,0.0,NaN,3.5657902230002363,0.0,NaN,NaN,0.0,NaN,NaN,0.0,0.0,NaN,NaN,0.0,0.0,0.0,NaN,NaN,NaN,NaN,0.0,0.0,NaN,15.557075689243693,NaN,0.0,NaN,0.0,NaN,0.0,NaN,0.0,0.0,NaN,-0.09347158843313792,0.0,0.0,-0.4045635827920999,0.0,-0.12581681142468615,-0.04332605260985412,0.0,0.0,NaN,0.0,NaN,NaN,NaN,0.15643196144573257,-2.8166731699342415,-2.6772312605069315,2.2933298864294764,NaN,-1.3272318933120308,0.0,NaN,0.0,NaN,NaN,NaN,0.0,NaN,0.0,NaN,0.0,0.0,0.0,0.0,NaN,0.0,0.0,0.0,0.0,NaN,0.0,0.0,0.0,0.0,0.0,0.0,0.0,0.0,0.0,NaN,0.0,NaN,NaN,0.0,0.0,0.0,0.0,NaN,NaN,NaN,NaN,0.0,NaN,NaN,NaN,0.0,0.0,0.0,NaN,0.0,NaN,0.0,0.0,0.0,NaN,0.0,NaN,0.0,NaN,0.0,NaN,NaN,NaN,NaN,NaN,0.0,0.0,0.0,NaN,0.0,0.0,NaN,0.0,NaN,0.0,0.0,0.0,NaN,0.0,0.0,0.0,1.7935325843665513,0.0,0.0,NaN,0.0,5.846826536639412,2.0,4.666666666666667,NaN,NaN,NaN,0.0,0.0,0.0,NaN,NaN,0.0,0.0,0.0,0.0,0.0,NaN,0.0,NaN,0.0,NaN,0.0,NaN,0.0,0.0,0.0,0.0,0.0,NaN,0.0,0.0,NaN,0.0,NaN,0.0,NaN,0.0,0.0,0.0,NaN,0.0,0.0,NaN,NaN,NaN,NaN,0.0,NaN,0.0,NaN,NaN,NaN,0.0,0.0,NaN,NaN,0.0,0.0,0.0,0.0,0.0,NaN,NaN,0.0,NaN,NaN,0.0,NaN,0.0,0.0,0.0,0.0,0.0,NaN,0.0,4.008989777525428,0.0,0.0,NaN,NaN,NaN,4.088005038848993,0.0,0.2543322908008641,NaN,-0.8075439893020997,NaN,0.0,0.0,0.0,0.0,0.0,NaN,NaN,NaN,NaN,0.0,0.0,NaN,0.0,0.017607368176220325,NaN,0.0,NaN,0.0,0.0,0.0,0.0,0.0,0.0,Trapaf
